Наименование,Описание,Рубрики,Адрес,Комментарий к адресу,Почтовый индекс,Микрорайон,Район,Город,Округ,Регион,Страна,Часы работы,Часовой пояс,Рейтинг,Количество отзывов,Телефон 1,Телефон 2,Телефон 3,E-mail,Веб-сайт 1,Веб-сайт 2,Веб-сайт 3,Instagram,Facebook,ВКонтакте,WhatsApp 1,WhatsApp 2,WhatsApp 3,Viber,Telegram,YouTube,Широта,Долгота,2GIS URL,Тип
111,барбершоп,Барбершопы,"улица Сакена Сейфуллина, 5",1 этаж,,,Сарыарка район,Астана,,Астана,Казахстан,Пн: 09:30-21:30; Вт: 09:30-21:30; Ср: 09:30-21:30; Чт: 09:30-21:30; Пт: 09:30-21:30; Сб: 09:30-21:30; Вс: 09:30-21:30,+05:00,4.9,63,87006116963,,,,,,,,,,https://wa.me/77006116963,,,,,,51.168883,71.402306,https://2gis.com/firm/70000001109753336,branch
A.e.barber.kz,,Барбершопы,"улица Сакена Сейфуллина, 5",1 этаж,,,Сарыарка район,Астана,,Астана,Казахстан,Пн: 10:00-21:00; Вт: 10:00-21:00; Ср: 10:00-21:00; Чт: 10:00-21:00; Пт: 10:00-21:00; Сб: 10:00-21:00; Вс: 10:00-21:00,+05:00,5.0,23,87056707519,,,,,,,https://instagram.com/a.e.barber.kz,,,https://wa.me/77056707519,,,,,,51.168883,71.402306,https://2gis.com/firm/70000001112966271,branch
Abil Hair,кабинет барбера,Барбершопы,"улица Сарайшык, 5/1",цокольный этаж; НП: 18,,,Есиль район,Астана,,Астана,Казахстан,"Пн: 10:30-14:00, 14:45-23:00; Вт: 10:30-14:00, 14:45-23:00; Ср: 10:30-14:00, 14:45-23:00; Чт: 10:30-14:00, 14:45-23:00; Пт: 10:30-14:00, 14:45-23:00; Сб: 10:30-14:00, 14:45-23:00; Вс: 10:30-14:00, 14:45-23:00",+05:00,4.8,75,87477301839,,,,,,,https://instagram.com/barberdayl,,,https://wa.me/77477301839,,,,,,51.137313,71.426473,https://2gis.com/firm/70000001065392433,branch
Abyroi_barbershop,,Барбершопы,"улица Жумекен Нажимеденов, 29",,010000,,Сарайшык район,Астана,,Астана,Казахстан,Пн: 10:00-22:00; Вт: 10:00-22:00; Ср: 10:00-22:00; Чт: 10:00-22:00; Пт: 10:00-22:00; Сб: 10:00-22:00; Вс: 10:00-22:00,+05:00,5.0,281,87025075161,,,,,,,https://instagram.com/abyroi_barbershop_01,,,https://wa.me/77025075161,,,,,,51.111628,71.52334,https://2gis.com/firm/70000001113930754,branch
Adai Barbershop,,Барбершопы,"улица Малика Габдуллина, 18",,,,Байконыр район,Астана,,Астана,Казахстан,Пн: 10:00-22:00; Вт: 10:00-22:00; Ср: 10:00-22:00; Чт: 10:00-22:00; Пт: 10:00-22:00; Сб: 10:00-22:00; Вс: 10:00-22:00 (по предварительной записи),+05:00,5.0,34,87077750791,,,,,,,https://instagram.com/barbershop_adai,,,https://wa.me/77077750791,,,,,,51.165501,71.43217,https://2gis.com/firm/70000001116101836,branch
Amir,барбершоп,Барбершопы,"проспект Ракымжан Кошкарбаев, 15",цокольный этаж,,,Алматы район,Астана,,Астана,Казахстан,Пн: 10:00-24:00; Вт: 10:00-24:00; Ср: 10:00-24:00; Чт: 10:00-24:00; Пт: 10:00-24:00; Сб: 10:00-24:00; Вс: 10:00-24:00,+05:00,4.8,158,87775100693,,,,,,,https://instagram.com/amir.barbershop.astana,,,https://wa.me/77775100693,,,,https://t.me/+77775100693,,51.126494,71.483848,https://2gis.com/firm/70000001065617342,branch
Ar,барбершоп,Барбершопы,"проспект Ракымжан Кошкарбаев, 48",цокольный этаж,,,Сарайшык район,Астана,,Астана,Казахстан,Пн: 10:00-23:00; Вт: 10:00-23:00; Ср: 10:00-23:00; Чт: 10:00-23:00; Пт: 10:00-23:00; Сб: 10:00-23:00; Вс: 10:00-23:00,+05:00,5.0,7,87754805250,,,,,,,https://instagram.com/ar.barbershop_ast,,,https://wa.me/77754805250,,,,,,51.127366,71.495251,https://2gis.com/firm/70000001110703700,branch
ARA Barbershop,,Барбершопы,"улица Жубан Молдагалиев, 3",НП: 2,,,Нура район,Астана,,Астана,Казахстан,Пн: 10:00-21:30; Вт: 10:00-21:30; Ср: 10:00-21:30; Чт: 10:00-21:30; Пт: 10:00-21:30; Сб: 10:00-21:30; Вс: 10:00-21:30 (по предварительной записи),+05:00,4.8,97,87001545348,,,,,,,https://instagram.com/ara.barbershop.astana,,,https://wa.me/77001545348,,,,,,51.12692,71.363926,https://2gis.com/firm/70000001112759934,branch
ARA Barbershop,,Барбершопы,"улица Санжара Асфендиярова, 5",НП: 12,,,Нура район,Астана,,Астана,Казахстан,Пн: 10:00-21:30; Вт: 10:00-21:30; Ср: 10:00-21:30; Чт: 10:00-21:30; Пт: 10:00-21:30; Сб: 10:00-21:30; Вс: 10:00-21:30 (по предварительной записи),+05:00,5.0,706,87084256627,87172256627,,,,,,https://instagram.com/ara.barbershop.astana,,,https://wa.me/77084256627,,,,,,51.133197,71.381157,https://2gis.com/firm/70000001065229746,branch
Arlan,,Барбершопы,"проспект Абылай хана, 52а",цокольный этаж,,Юго-Восток (правая сторона) ж/м,Алматы район,Астана,,Астана,Казахстан,Пн: 10:00-21:00; Вт: 10:00-21:00; Ср: 10:00-21:00; Чт: 10:00-21:00; Пт: 10:00-21:00; Сб: 10:00-21:00; Вс: 10:00-21:00 (по предварительной записи),+05:00,5.0,130,87473456990,,,,,,,https://instagram.com/arlanprime,,,https://wa.me/77473456990,,,,,,51.146182,71.506634,https://2gis.com/firm/70000001114873424,branch
Arman,барбершоп,Барбершопы,"Алиби Жангельдина улица, 42",27 бутик; 1 этаж,,,Байконыр район,Астана,,Астана,Казахстан,Пн: 09:00-19:00; Вт: 10:00-20:00; Ср: 10:00-20:00; Чт: 10:00-20:00; Пт: 10:00-20:00; Сб: 10:00-20:00; Вс: 10:00-20:00,+05:00,4.7,52,87073074352,,,,,,,https://instagram.com/kaliakparov.arman,,,https://wa.me/77073074352,,,,https://t.me/+77073074352,,51.175062,71.433046,https://2gis.com/firm/70000001053434645,branch
Azr,барбершоп,Барбершопы,"улица Темирбек Жургенов, 17а",,,,Сарайшык район,Астана,,Астана,Казахстан,Пн: 10:00-01:00; Вт: 10:00-01:00; Ср: 10:00-01:00; Чт: 10:00-01:00; Пт: 10:00-01:00; Сб: 10:00-01:00; Вс: 10:00-01:00 (по предварительной записи),+05:00,5.0,25,87081624874,,,,,,,https://instagram.com/a.z.r.barbershop,,,https://wa.me/77081624874,,,,,,51.116176,71.500539,https://2gis.com/firm/70000001116018355,branch
Azr,барбершоп,Барбершопы,"улица Бердибек Сокпакбаев, 20/1",,,,Сарыарка район,Астана,,Астана,Казахстан,Пн: 09:00-01:00; Вт: 09:00-01:00; Ср: 09:00-01:00; Чт: 09:00-01:00; Пт: 09:00-01:00; Сб: 09:00-01:00; Вс: 09:00-01:00,+05:00,4.9,339,87081624874,,,,,,,https://instagram.com/a.z.r.barbershop,,,https://wa.me/77081624874,,,,,,51.17389,71.38358,https://2gis.com/firm/70000001097225295,branch
B Beauty,салон красоты,Барбершопы; Парикмахерские услуги; Ногтевой сервис; Эпиляция; Оформление бровей и ресниц; Визажисты,"улица Санжара Асфендиярова, 3",около магазина Тәп-Тәтті,,,Нура район,Астана,,Астана,Казахстан,Пн: 10:00-21:00; Вт: 10:00-21:00; Ср: 10:00-21:00; Чт: 10:00-21:00; Пт: 10:00-21:00; Сб: 10:00-21:00; Вс: 10:00-21:00,+05:00,4.9,717,87075072552,,,talasom@gmail.com,,,,https://instagram.com/bbeauty_astana,https://facebook.com/b.block.beauty,,https://wa.me/77075072552,,,,https://t.me/+77075072552,,51.132331,71.376649,https://2gis.com/firm/70000001018114732,branch
Barber Boss,турецкий барбершоп,Барбершопы,"улица Е-489, 3 блок 2",,,,Нура район,Астана,,Астана,Казахстан,Пн: 10:00-20:00; Вт: 10:00-20:00; Ср: 10:00-20:00; Чт: 10:00-20:00; Пт: 10:00-20:00; Сб: 10:00-20:00; Вс: 10:00-20:00,+05:00,5.0,263,87026993029,,,,,,,https://instagram.com/barber_boss_astana,,,https://wa.me/77026993029,,,,,,51.143337,71.377695,https://2gis.com/firm/70000001090232078,branch
Barber point,,Барбершопы,"улица Чингиз Айтматов, 60",,,,Нура район,Астана,,Астана,Казахстан,Вт: 10:00-20:00; Ср: 10:00-20:00; Чт: 10:00-20:00; Сб: 10:00-20:00; Вс: 10:00-20:00,+05:00,5.0,25,87761555949,,,,,,,,,,https://wa.me/77761555949,,,,,,51.160007,71.373975,https://2gis.com/firm/70000001089697354,branch
Barber Point,,Барбершопы,"улица Чингиз Айтматов, 77/8",,,,Сарыарка район,Астана,,Астана,Казахстан,Пн: 10:00-22:00; Вт: 10:00-22:00; Ср: 10:00-22:00; Чт: 10:00-22:00; Пт: 10:00-22:00; Сб: 10:00-22:00; Вс: 10:00-22:00,+05:00,4.9,94,87765064977,,,,,,,https://instagram.com/barbershop_point_ast,,,https://wa.me/77765064977,,,,,,51.166459,71.371673,https://2gis.com/firm/70000001098835127,branch
Barber Shyngys,,Барбершопы,"улица Динмухамед Конаев, 7",цокольный этаж,,,Есиль район,Астана,,Астана,Казахстан,Пн: 10:00-21:00; Вт: 10:00-21:00; Ср: 10:00-21:00; Чт: 10:00-21:00; Пт: 10:00-21:00; Сб: 10:00-21:00; Вс: 10:00-21:00,+05:00,5.0,14,87785402840,,,,,,,,,,https://wa.me/77785402840,,,,,,51.133455,71.421251,https://2gis.com/firm/70000001088212835,branch
barber_janyl,,Барбершопы,"проспект Женис, 5",,,,Сарыарка район,Астана,,Астана,Казахстан,Пн: 13:00-21:00; Вт: 13:00-21:00; Ср: 13:00-21:00; Чт: 13:00-21:00; Пт: 13:00-21:00 (по предварительной записи),+05:00,4.4,8,87024155549,,,,,,,https://instagram.com/barber_janyl,,,https://wa.me/77024155549,,,,,,51.161312,71.414629,https://2gis.com/firm/70000001043765510,branch
Barber_nata01,,Барбершопы,"улица Кенесары, 4",2 этаж,,,Сарыарка район,Астана,,Астана,Казахстан,Пн: 10:00-23:00; Вт: 10:00-23:00; Ср: 10:00-23:00; Чт: 10:00-23:00; Пт: 10:00-23:00; Сб: 10:00-23:00; Вс: 10:00-23:00,+05:00,4.8,40,87079960430,,,,,,,https://instagram.com/barber_nata01,,,https://wa.me/77079960430,,,,,,51.161646,71.400522,https://2gis.com/firm/70000001109831675,branch
barbershop_region01,барбершоп,Барбершопы,"улица Сыганак, 33",,,,Есиль район,Астана,,Астана,Казахстан,Пн: 10:00-22:00; Вт: 10:00-22:00; Ср: 10:00-22:00; Чт: 10:00-22:00; Пт: 10:00-22:00; Сб: 10:00-22:00; Вс: 10:00-22:00,+05:00,4.9,118,87474078916,,,,,,,https://instagram.com/barbershop_region01,,,https://wa.me/77474078916,,,,,,51.124736,71.422639,https://2gis.com/firm/70000001110248903,branch
Barbershop_sezar,,Барбершопы,"Мирный переулок, 4а",,,Целинный м-н,Байконыр район,Астана,,Астана,Казахстан,Пн: 10:00-22:00; Вт: 10:00-22:00; Ср: 10:00-22:00; Чт: 10:00-22:00; Пт: 10:00-22:00; Сб: 10:00-22:00; Вс: 10:00-22:00,+05:00,5.0,152,87470305468,,,,,,,https://instagram.com/sezar_barbershop,,,https://wa.me/77470305468,,,,,,51.16027,71.461365,https://2gis.com/firm/70000001092774000,branch
Bars,барбершоп,Барбершопы,"переулок Жайдарман, 1",цокольный этаж,,Юго-Восток (правая сторона) ж/м,Алматы район,Астана,,Астана,Казахстан,Пн: 10:00-22:00; Вт: 10:00-22:00; Ср: 10:00-22:00; Чт: 10:00-22:00; Пт: 10:00-22:00; Сб: 10:00-22:00; Вс: 10:00-22:00 (по предварительной записи),+05:00,4.8,452,87079641323,,,,,,,https://instagram.com/bars_barbershop,,,https://wa.me/77079641323,,,,,,51.136272,71.469843,https://2gis.com/firm/70000001102232953,branch
Bars,барбершоп,Барбершопы,"улица Илияс Омаров, 19/1",,,,Нура район,Астана,,Астана,Казахстан,Пн: 10:00-22:00; Вт: 10:00-22:00; Ср: 10:00-22:00; Чт: 10:00-22:00; Пт: 10:00-22:00; Сб: 10:00-22:00; Вс: 10:00-22:00 (по предварительной записи),+05:00,4.9,765,87761861256,,,,,,,https://instagram.com/bars_barbershop,,,https://wa.me/77761861256,,,,,,51.137331,71.367087,https://2gis.com/firm/70000001083231482,branch
Beine,,Барбершопы,"проспект Абылай хана, 14/1",,,,Алматы район,Астана,,Астана,Казахстан,Пн: 10:00-22:00; Вт: 10:00-22:00; Ср: 10:00-22:00; Чт: 10:00-22:00; Пт: 10:00-22:00; Сб: 10:00-22:00; Вс: 10:00-22:00,+05:00,5.0,232,87003489043,,,,,,,https://instagram.com/beine.barbershop,,,https://wa.me/77003489043,,,,,,51.157226,71.476142,https://2gis.com/firm/70000001106118434,branch
Black Beast,барбершоп,Барбершопы,"улица Санжара Асфендиярова, 4",,,,Нура район,Астана,,Астана,Казахстан,Пн: 10:00-21:00; Вт: 10:00-21:00; Ср: 10:00-21:00; Чт: 10:00-21:00; Пт: 10:00-21:00; Сб: 10:00-21:00; Вс: 10:00-21:00,+05:00,4.9,272,87714312121,87764311212,,,,,,https://instagram.com/sunnat_barberr,,,https://wa.me/77714312121,https://wa.me/77764311212,,,,,51.132146,71.38082,https://2gis.com/firm/70000001063589228,branch
Blackstone,барбершоп,Барбершопы,"улица Санжара Асфендиярова, 7",2 этаж,,,Нура район,Астана,,Астана,Казахстан,Пн: 10:00-22:00; Вт: 10:00-22:00; Ср: 10:00-22:00; Чт: 10:00-22:00; Пт: 10:00-22:00; Сб: 10:00-22:00; Вс: 10:00-22:00,+05:00,4.8,160,87751924036,,,,,,,https://instagram.com/blackstone.offical_,,,https://wa.me/77751924036,,,,,,51.134445,71.379266,https://2gis.com/firm/70000001089808898,branch
Bros,барбершоп,Барбершопы,"улица Лесная поляна, 21",Цокольный этаж,,Лесная поляна м-н,,Косшы,Косшы городская администрация,Акмолинская область,Казахстан,Пн: 10:00-21:00; Вт: 10:00-21:00; Ср: 10:00-21:00; Чт: 10:00-21:00; Пт: 10:00-21:00; Сб: 10:00-21:00; Вс: 10:00-21:00,+05:00,5.0,234,87782979628,,,,,,,https://instagram.com/bros_barbershop2025,,,https://wa.me/77782979628,,,,,,51.002421,71.369742,https://2gis.com/firm/70000001101056243,branch
Brutal,,Барбершопы,"проспект Мангилик Ел, 36",,,,Есиль район,Астана,,Астана,Казахстан,Пн: 11:00-22:00; Вт: 11:00-22:00; Ср: 11:00-22:00; Чт: 11:00-22:00; Пт: 11:00-22:00; Сб: 11:00-22:00; Вс: 11:00-22:00,+05:00,5.0,162,87718450808,,,,,,,https://instagram.com/brutal.barber.bekzat,,,https://wa.me/77718450808,,,,,,51.106826,71.432909,https://2gis.com/firm/70000001066639646,branch
Bugay,,Барбершопы,"проспект Ракымжан Кошкарбаев, 32/3 блок И",цокольный этаж,,,Сарайшык район,Астана,,Астана,Казахстан,Пн: 08:00-24:00; Вт: 08:00-24:00; Ср: 08:00-24:00; Чт: 08:00-24:00; Пт: 08:00-24:00; Сб: 08:00-24:00; Вс: 08:00-24:00,+05:00,4.9,138,87767190519,,,,,,,,,,https://wa.me/77767190519,,,,,,51.124607,71.481964,https://2gis.com/firm/70000001104883745,branch
Bvb,барбершоп,Барбершопы,"улица Ыкылас Дукенулы, 37/2",,,,Сарыарка район,Астана,,Астана,Казахстан,Пн: 12:00-22:00; Вт: 12:00-22:00; Чт: 12:00-22:00; Пт: 12:00-22:00; Сб: 12:00-22:00; Вс: 12:00-22:00,+05:00,4.9,49,87764572408,,,,,,,https://instagram.com/bvb.barbershop,,,https://wa.me/77764572408,,,,,,51.182797,71.438814,https://2gis.com/firm/70000001088785973,branch
Central,барбершоп,Барбершопы,"улица Маншук Маметовой, 10",,,,Нура район,Астана,,Астана,Казахстан,Пн: 10:00-22:00; Вт: 10:00-22:00; Ср: 10:00-22:00; Чт: 10:00-22:00; Пт: 10:00-22:00; Сб: 10:00-22:00; Вс: 10:00-22:00,+05:00,5.0,465,87005020108,,,rysbek.02@icloud.com,,,,https://instagram.com/central.astana,,,https://wa.me/77005020108,,,,,,51.127971,71.381119,https://2gis.com/firm/70000001105675693,branch
Central,барбершоп,Барбершопы,"улица Сарайшык, 34",,,,Есиль район,Астана,,Астана,Казахстан,Пн: 10:00-22:00; Вт: 10:00-22:00; Ср: 10:00-22:00; Чт: 10:00-22:00; Пт: 10:00-22:00; Сб: 10:00-22:00; Вс: 10:00-22:00,+05:00,5.0,1408,87718132022,87719091709,,rysbek.02@icloud.com,,,,https://instagram.com/central.astana,,,https://wa.me/77718132022,https://wa.me/77719091709,,,,,51.133787,71.429172,https://2gis.com/firm/70000001086784086,branch
Chicago,барбершоп,Барбершопы,"улица Бердибек Сокпакбаев, 5",ВП: 11,010000,,Сарыарка район,Астана,,Астана,Казахстан,Пн: 10:00-22:00; Вт: 10:00-22:00; Ср: 10:00-22:00; Чт: 10:00-22:00; Пт: 10:00-22:00; Сб: 10:00-22:00; Вс: 10:00-22:00,+05:00,4.8,202,87017772437,,,,,,,https://instagram.com/barbershop_chicago_,,,https://wa.me/77017772437,,,,,,51.171845,71.399747,https://2gis.com/firm/70000001043420396,branch
Classic man,,Барбершопы; Обучение мастеров для салонов красоты,"Кабанбай батыр проспект, 58Б корпус 7",,,,Есиль район,Астана,,Астана,Казахстан,Пн: 10:00-20:00; Ср: 10:00-20:00; Чт: 10:00-20:00; Пт: 10:00-20:00; Сб: 10:00-20:00; Вс: 10:00-20:00 (по предварительной записи),+05:00,4.9,110,87767799533,,,,,,,https://instagram.com/birnazarov_erbolsyn,,,https://wa.me/77767799533,,,,,,51.094398,71.40952,https://2gis.com/firm/70000001046981649,branch
CROP Barbershop,,Барбершопы; Обучение мастеров для салонов красоты,"улица Санжара Асфендиярова, 8",,,,Нура район,Астана,,Астана,Казахстан,Пн: 09:50-20:00; Вт: 09:50-20:00; Ср: 09:50-20:00; Чт: 09:50-20:00; Пт: 09:50-20:00; Сб: 09:50-20:00; Вс: 09:50-20:00,+05:00,4.9,445,87018968382,87753883591,,,,,,,,,https://wa.me/77753883591,,,,,,51.134493,71.3817,https://2gis.com/firm/70000001096899128,branch
Dara,барбершоп,Барбершопы,"улица Санжара Асфендиярова, 2",,,,Нура район,Астана,,Астана,Казахстан,Пн: 10:00-22:00; Вт: 10:00-22:00; Ср: 10:00-22:00; Чт: 10:00-22:00; Пт: 10:00-22:00; Сб: 10:00-22:00; Вс: 10:00-22:00,+05:00,4.9,38,87083241994,,,,,,,,,,https://wa.me/77083241994,,,,,,51.130957,71.377203,https://2gis.com/firm/70000001111188068,branch
Diaz,барбершоп,Барбершопы,"улица Сауран, 14",,,,Есиль район,Астана,,Астана,Казахстан,Пн: 11:00-21:00; Вт: 11:00-21:00; Ср: 11:00-21:00; Чт: 11:00-21:00; Пт: 10:00-22:00; Сб: 10:00-22:00; Вс: 10:00-22:00,+05:00,4.9,17,87066657067,,,,,,,,,,https://wa.me/77066657067,,,,https://t.me/+77066657067,,51.115406,71.419728,https://2gis.com/firm/70000001113120288,branch
Doberman,барбершоп,Барбершопы,"улица Шаймерден Косшыгулулы, 11/3",цокольный этаж,,,Сарыарка район,Астана,,Астана,Казахстан,Пн: 10:00-20:00; Вт: 10:00-20:00; Ср: 10:00-20:00; Чт: 10:00-20:00; Пт: 10:00-20:00; Сб: 10:00-20:00; Вс: 10:00-20:00 (по предварительной записи),+05:00,5.0,160,87058779949,87776179966,,,,,,https://instagram.com/doberman.ast,,,https://wa.me/77479726111,https://wa.me/77058779949,https://wa.me/77776179966,,,,51.166868,71.387118,https://2gis.com/firm/70000001069272797,branch
EL Clasico,барбершоп,Барбершопы,"улица Кенесары, 47а",,,,Байконыр район,Астана,,Астана,Казахстан,Пн: 10:00-24:00; Вт: 10:00-24:00; Ср: 10:00-24:00; Чт: 10:00-24:00; Пт: 10:00-24:00; Сб: 10:00-24:00; Вс: 10:00-24:00,+05:00,4.9,185,87081257351,,,,,,,https://instagram.com/el.clasico.astana,,,https://wa.me/77081148054,,,,,,51.166609,71.430152,https://2gis.com/firm/70000001062594885,branch
El Patron,,Барбершопы,"улица Алихан Бокейхан, 46",,010000,,Есиль район,Астана,,Астана,Казахстан,Пн: 10:00-22:00; Вт: 10:00-22:00; Ср: 10:00-22:00; Чт: 10:00-22:00; Пт: 10:00-22:00; Сб: 10:00-22:00; Вс: 10:00-22:00,+05:00,4.9,375,87075693706,,,abdulvalisagindik@gmail.com,,,,https://instagram.com/el.patron.astana,https://facebook.com/profile.php?id=100086356821601,,https://wa.me/77075693706,,,,,,51.08762,71.427354,https://2gis.com/firm/70000001099073650,branch
El Patron,,Барбершопы,"улица Е-36, 5",,,,Нура район,Астана,,Астана,Казахстан,Пн: 09:00-22:00; Вт: 09:00-22:00; Ср: 09:00-22:00; Чт: 09:00-22:00; Пт: 09:00-22:00; Сб: 09:00-22:00; Вс: 09:00-22:00,+05:00,4.9,249,87074147834,,,abdulvalisagindik@gmail.com,,,,https://instagram.com/el.patron.astana,https://facebook.com/profile.php?id=100086356821601,,https://wa.me/77074147834,,,,,,51.124738,71.383471,https://2gis.com/firm/70000001094413274,branch
El Patron,,Барбершопы,"проспект Туран, 55/12",,,,Нура район,Астана,,Астана,Казахстан,Пн: 10:00-21:00; Вт: 10:00-21:00; Ср: 10:00-21:00; Чт: 10:00-21:00; Пт: 10:00-21:00; Сб: 10:00-21:00; Вс: 10:00-21:00,+05:00,4.7,298,87074795313,,,abdulvalisagindik@gmail.com,,,,https://instagram.com/el.patron.astana,https://facebook.com/profile.php?id=100086356821601,,https://wa.me/77074795313,,,,,,51.113794,71.393845,https://2gis.com/firm/70000001081317887,branch
El Patron,,Барбершопы,"улица Санжара Асфендиярова, 3",,,,Нура район,Астана,,Астана,Казахстан,Пн: 09:00-22:00; Вт: 09:00-22:00; Ср: 09:00-22:00; Чт: 09:00-22:00; Пт: 09:00-22:00; Сб: 09:00-22:00; Вс: 09:00-22:00,+05:00,4.9,724,87478358283,,,abdulvalisagindik@gmail.com,,,,https://instagram.com/el.patron.astana,https://facebook.com/profile.php?id=100086356821601,,https://wa.me/77478358283,,,,,,51.132655,71.378521,https://2gis.com/firm/70000001067340158,branch
Elegance,барбершоп,Барбершопы,"улица Сарайшык, 7",,,,Есиль район,Астана,,Астана,Казахстан,Пн: 10:00-21:00; Вт: 10:00-21:00; Ср: 10:00-21:00; Чт: 10:00-21:00; Пт: 10:00-21:00; Сб: 10:00-21:00; Вс: 10:00-21:00 (по предварительной записи),+05:00,5.0,19,87087087225,,,,,,,,,,https://wa.me/77087087225,,,,,,51.135193,71.426349,https://2gis.com/firm/70000001065143702,branch
Eleven,,Барбершопы,"улица Ахмет Байтурсынулы, 39/3",цокольный этаж,,,Сарайшык район,Астана,,Астана,Казахстан,Пн: 10:00-22:00; Вт: 10:00-22:00; Ср: 10:00-22:00; Чт: 10:00-22:00; Пт: 10:00-22:00; Сб: 10:00-22:00; Вс: 10:00-22:00,+05:00,5.0,139,87760819096,,,,,,,,,,https://wa.me/77760819096,,,,,,51.120068,71.502524,https://2gis.com/firm/70000001103654063,branch
Er-Style,барбершоп,Барбершопы,"улица Сауран, 14",,,,Есиль район,Астана,,Астана,Казахстан,Пн: 11:00-22:00; Вт: 11:00-22:00; Ср: 11:00-22:00; Чт: 11:00-22:00; Пт: 11:00-22:00; Сб: 11:00-22:00; Вс: 11:00-22:00 (по предварительной записи),+05:00,5.0,97,87083159245,87055409302,,,,,,,,,https://wa.me/77009628919,https://wa.me/77083159245,,,,,51.116766,71.420215,https://2gis.com/firm/70000001103744229,branch
Erbolat Meirman,,Барбершопы,"улица Кенжебек Кумисбеков, 2п",,,,Сарыарка район,Астана,,Астана,Казахстан,Пн: 10:00-20:00; Вт: 10:00-20:00; Чт: 10:00-20:00; Пт: 10:00-20:00; Сб: 10:00-20:00; Вс: 10:00-20:00,+05:00,5.0,69,87786109599,,,,,,,https://instagram.com/erbolat.meirman,,,https://wa.me/77786109599,,,,,,51.16343,71.401549,https://2gis.com/firm/70000001067244726,branch
Express,барбершоп,Барбершопы; Массажист,"улица Сыганак, 47",103 офис; 1 этаж,,,Есиль район,Астана,,Астана,Казахстан,Пн: 09:00-20:00; Вт: 09:00-20:00; Ср: 09:00-20:00; Чт: 09:00-20:00; Пт: 09:00-20:00; Сб: 09:00-20:00; Вс: 09:00-20:00,+05:00,4.9,54,87029971851,,,,,,,https://instagram.com/express_barber_shop_,,,https://wa.me/77029971851,,,,,,51.123185,71.434374,https://2gis.com/firm/70000001044993275,branch
Family,барбершоп,Барбершопы,"улица Лесная поляна, 12",цокольный этаж; ВП: 11а,,Лесная поляна м-н,,Косшы,Косшы городская администрация,Акмолинская область,Казахстан,Пн: 11:00-20:00; Вт: 11:00-20:00; Ср: 11:00-20:00; Чт: 11:00-20:00; Пт: 11:00-20:00; Сб: 11:00-20:00; Вс: 11:00-20:00,+05:00,5.0,158,87000940101,,,,,,,https://instagram.com/barbershop_family,,,https://wa.me/77000940101,,,,,,51.001287,71.370377,https://2gis.com/firm/70000001032380412,branch
Gala,барбершоп,Барбершопы,"улица Адольфа Янушкевича, 1",,,Целинный м-н,Байконыр район,Астана,,Астана,Казахстан,Пн: 10:00-21:00; Вт: 10:00-21:00; Ср: 10:00-21:00; Чт: 10:00-21:00; Пт: 10:00-21:00; Сб: 10:00-21:00; Вс: 10:00-21:00,+05:00,5.0,430,87756344159,,,,,,,https://instagram.com/gala__barbershop,,,https://wa.me/77756344159,,,,,,51.15886,71.461044,https://2gis.com/firm/70000001101423942,branch
Gentleman,барбершоп,Барбершопы,"улица Лесная поляна, 44",цокольный этаж,,Лесная поляна м-н,,Косшы,Косшы городская администрация,Акмолинская область,Казахстан,Пн: 10:00-21:00; Вт: 10:00-21:00; Ср: 10:00-21:00; Чт: 10:00-21:00; Пт: 10:00-21:00; Сб: 10:00-21:00; Вс: 10:00-21:00,+05:00,4.7,54,87071073603,,,,,,,,,,https://wa.me/77071073603,,,,,,51.00608,71.377166,https://2gis.com/firm/70000001111155309,branch
gentlemen.barbershop.astana,,Барбершопы,"проспект Абылай хана, 52а",цокольный этаж,,Юго-Восток (правая сторона) ж/м,Алматы район,Астана,,Астана,Казахстан,Пн: 10:00-21:00; Вт: 10:00-21:00; Ср: 10:00-21:00; Чт: 10:00-21:00; Пт: 10:00-21:00; Сб: 10:00-21:00; Вс: 10:00-21:00,+05:00,4.9,166,87075252439,,,,,,,https://instagram.com/gentlemen.barbershop.astana,,,https://wa.me/77075252439,,,,,,51.146212,71.506554,https://2gis.com/firm/70000001080122844,branch
GQ,,Барбершопы,"Керей, Жанибек хандар улица, 28",,,,Есиль район,Астана,,Астана,Казахстан,"Пн: 10:00-13:00, 14:00-20:00; Вт: 10:00-13:00, 14:00-20:00; Ср: 10:00-13:00, 14:00-20:00; Чт: 10:00-13:00, 14:00-20:00; Пт: 10:00-13:00, 14:00-20:00; Сб: 10:00-13:00, 14:00-20:00; Вс: 10:00-13:00, 14:00-20:00",+05:00,4.4,65,87027468588,,,,,,,https://instagram.com/barber___nurlan,,,https://wa.me/77027468588,,,,,,51.112265,71.436224,https://2gis.com/firm/70000001037731707,branch
K1 Barbershop,,Барбершопы,"улица Ахмет Байтурсынулы, 23 блок А",1 этаж,,,Сарайшык район,Астана,,Астана,Казахстан,Пн: 10:00-22:00; Вт: 10:00-22:00; Ср: 10:00-22:00; Чт: 10:00-22:00; Пт: 10:00-22:00; Сб: 10:00-22:00; Вс: 10:00-22:00,+05:00,4.9,161,87023265131,,,,,,,https://instagram.com/k1.barbershop,,,https://wa.me/77023265131,,,,,,51.123034,71.481164,https://2gis.com/firm/70000001097588464,branch
Khanzada,барбершоп,Барбершопы,"Бухар жырау улица, 28",,,,Есиль район,Астана,,Астана,Казахстан,Пн: 10:00-21:00; Вт: 10:00-21:00; Ср: 10:00-21:00; Чт: 10:00-21:00; Пт: 10:00-21:00; Сб: 10:00-21:00; Вс: 10:00-21:00,+05:00,5.0,514,87767244477,,,,,,,https://instagram.com/khanzada_barbershop,,,https://wa.me/77767244477,,,,,,51.101271,71.415541,https://2gis.com/firm/70000001065398225,branch
Legenda,парикмахерская,Барбершопы,"улица Темирбек Жургенов, 19",,,,Сарайшык район,Астана,,Астана,Казахстан,Пн: 09:00-23:00; Вт: 09:00-23:00; Ср: 09:00-23:00; Чт: 09:00-23:00; Пт: 09:00-23:00; Сб: 09:00-23:00; Вс: 09:00-23:00,+05:00,5.0,22,87015068686,,,,,,,,,,https://wa.me/77015068686,,,,,,51.118637,71.501746,https://2gis.com/firm/70000001114791286,branch
ma4ete,барбершоп,Барбершопы,"улица Жумекен Нажимеденов, 28/1",,,,Сарайшык район,Астана,,Астана,Казахстан,Пн: 09:00-23:00; Вт: 09:00-23:00; Ср: 09:00-23:00; Чт: 09:00-23:00; Пт: 09:00-23:00; Сб: 09:00-23:00; Вс: 09:00-23:00,+05:00,5.0,31,87079526992,,,,,,,https://instagram.com/ma4ete.astana,,,https://wa.me/77079526992,,,,,,51.114995,71.492674,https://2gis.com/firm/70000001113783757,branch
Malavita,барбершоп,Барбершопы; Обучение мастеров для салонов красоты,"проспект Улы Дала, 31",,,,Нура район,Астана,,Астана,Казахстан,Ср: 11:00-21:00; Чт: 11:00-21:00; Пт: 11:00-21:00; Сб: 11:00-21:00; Вс: 11:00-21:00,+05:00,4.9,60,87771381920,,,,,,,https://instagram.com/alisher_zhunusbayev,,,https://wa.me/77771381920,,,,,,51.100386,71.399698,https://2gis.com/firm/70000001078907322,branch
Mantis,барбершоп,Барбершопы,"улица Шамши Калдаяков, 28",,,,Сарайшык район,Астана,,Астана,Казахстан,Пн: 11:00-21:00; Вт: 11:00-21:00; Ср: 11:00-21:00; Чт: 11:00-21:00; Пт: 11:00-21:00; Сб: 11:00-21:00; Вс: 11:00-21:00,+05:00,5.0,8,87711655553,,,,,,,,,,https://wa.me/77711655553,,,,,,51.112084,71.494536,https://2gis.com/firm/70000001116006314,branch
Medeu,барбершоп,Барбершопы,"улица Жанкент, 52",,,Юго-Восток (правая сторона) ж/м,Алматы район,Астана,,Астана,Казахстан,Пн: 11:00-01:00; Вт: 11:00-01:00; Ср: 11:00-01:00; Чт: 11:00-01:00; Пт: 11:00-01:00; Сб: 11:00-01:00; Вс: 11:00-01:00,+05:00,5.0,118,87752707396,,,,,,,,,,https://wa.me/77752707396,,,,,,51.13694,71.501834,https://2gis.com/firm/70000001115919668,branch
Modern,барбершоп,Барбершопы,"проспект Туран, 37",цокольный этаж,,,Нура район,Астана,,Астана,Казахстан,Пн: 10:00-22:00; Вт: 10:00-22:00; Ср: 10:00-22:00; Чт: 10:00-22:00; Пт: 10:00-22:00; Сб: 10:00-22:00; Вс: 10:00-22:00,+05:00,4.8,21,87021581096,,,,,,,https://instagram.com/modern004,,,https://wa.me/77021581096,,,,,,51.132299,71.403991,https://2gis.com/firm/70000001065457924,branch
Most,барбершоп,Барбершопы,"Кабанбай батыр проспект, 29",,,,Нура район,Астана,,Астана,Казахстан,Пн: 10:00-21:00; Вт: 10:00-21:00; Ср: 10:00-21:00; Чт: 10:00-21:00; Пт: 10:00-21:00; Сб: 10:00-21:00; Вс: 10:00-21:00,+05:00,5.0,56,87072604548,,,,,,,https://instagram.com/most_barbershop01,,,https://wa.me/77072604548,,,,,,51.123901,71.411912,https://2gis.com/firm/70000001114824859,branch
Muslim,,Барбершопы,"Кабанбай батыр проспект, 36/2",1 кабинет; 1 этаж,,,Есиль район,Астана,,Астана,Казахстан,Пн: 09:00-21:00; Вт: 09:00-21:00; Ср: 09:00-21:00; Чт: 09:00-21:00; Пт: 09:00-21:00; Сб: 09:00-21:00; Вс: 09:00-21:00,+05:00,5.0,103,87001170997,,,,,,,https://instagram.com/magzhanbasymbek_97,,,https://wa.me/77001170997,,,,,,51.126251,71.416444,https://2gis.com/firm/70000001087560787,branch
Myrza,,Барбершопы,"Александр Кравцов улица, 9",,,Целинный м-н,Байконыр район,Астана,,Астана,Казахстан,Пн: 10:00-21:00; Вт: 10:00-21:00; Ср: 10:00-21:00; Чт: 10:00-21:00; Пт: 10:00-21:00; Сб: 10:00-21:00; Вс: 10:00-21:00,+05:00,5.0,110,87773915927,,,,,,,https://instagram.com/myrza.barbershop,,,https://wa.me/77773915927,,,,,,51.156296,71.453022,https://2gis.com/firm/70000001110323216,branch
NewYork,,Барбершопы,"улица Кордай, 37а",,,Юго-Восток (правая сторона) ж/м,Алматы район,Астана,,Астана,Казахстан,Пн: 10:00-24:00; Вт: 10:00-24:00; Ср: 10:00-24:00; Чт: 10:00-24:00; Пт: 10:00-24:00; Сб: 10:00-24:00; Вс: 10:00-24:00,+05:00,4.7,23,87479864006,,,,,,,,,,https://wa.me/77479864006,,,,,,51.139354,71.499451,https://2gis.com/firm/70000001115436697,branch
NewYork,,Барбершопы,"улица Кордай, 81",,,,Сарайшык район,Астана,,Астана,Казахстан,Пн: 10:00-23:00; Вт: 10:00-23:00; Ср: 10:00-23:00; Чт: 10:00-23:00; Пт: 10:00-23:00; Сб: 10:00-23:00; Вс: 10:00-23:00,+05:00,4.6,50,87786462388,,,,,,,,,,https://wa.me/77786462388,,,,,,51.128874,71.506524,https://2gis.com/firm/70000001110508055,branch
NewYork,,Барбершопы,"улица Кенесары, 45",,,,Байконыр район,Астана,,Астана,Казахстан,Пн: 10:00-24:00; Вт: 10:00-24:00; Ср: 10:00-24:00; Чт: 10:00-24:00; Пт: 10:00-24:00; Сб: 10:00-24:00; Вс: 10:00-24:00,+05:00,4.9,230,87713851750,87074326271,,,,,,,,,https://wa.me/77074326271,,,,,,51.165965,71.429135,https://2gis.com/firm/70000001099961453,branch
NewYork,,Барбершопы,"проспект Ракымжан Кошкарбаев, 34",цокольный этаж,,,Сарайшык район,Астана,,Астана,Казахстан,Пн: 10:00-23:00; Вт: 10:00-23:00; Ср: 10:00-23:00; Чт: 10:00-23:00; Пт: 10:00-23:00; Сб: 10:00-23:00; Вс: 10:00-23:00,+05:00,5.0,175,87781899337,,,,,,,https://instagram.com/graf_barber.shop,,,https://wa.me/77781899337,,,,,,51.1249,71.484812,https://2gis.com/firm/70000001095528410,branch
NewYork,,Барбершопы,"улица Кордай, 58/1",,,Юго-Восток (правая сторона) ж/м,Алматы район,Астана,,Астана,Казахстан,Пн: 10:00-01:00; Вт: 10:00-01:00; Ср: 10:00-01:00; Чт: 10:00-01:00; Пт: 10:00-01:00; Сб: 10:00-01:00; Вс: 10:00-01:00,+05:00,4.9,179,87780102628,,,,,,,,,,https://wa.me/77780102628,,,,,,51.132415,71.505139,https://2gis.com/firm/70000001093103840,branch
NewYork,,Барбершопы,"улица Каныш Сатпаев, 11",,,3 м-н,Алматы район,Астана,,Астана,Казахстан,Пн: 10:00-24:00; Вт: 10:00-24:00; Ср: 10:00-24:00; Чт: 10:00-24:00; Пт: 10:00-24:00; Сб: 10:00-24:00; Вс: 10:00-24:00,+05:00,4.9,335,87757427272,87073297539,,,,,,,,,https://wa.me/77757427272,,,,,,51.148096,71.470334,https://2gis.com/firm/70000001044059260,branch
Notting Hill,барбершоп,Барбершопы,"Керей, Жанибек хандар улица, 44",,,,Есиль район,Астана,,Астана,Казахстан,Пн: 10:00-21:00; Вт: 10:00-21:00; Ср: 10:00-21:00; Чт: 10:00-21:00; Пт: 10:00-21:00; Сб: 10:00-21:00; Вс: 10:00-21:00,+05:00,4.9,157,87775655544,,,,,,,https://instagram.com/nottinghillbarbershop,,,https://wa.me/77775655544,,,,,,51.107263,71.447252,https://2gis.com/firm/70000001098166041,branch
Nurba,барбершоп,Барбершопы,"улица Жумекен Нажимеденов, 16а",цокольный этаж,,,Сарайшык район,Астана,,Астана,Казахстан,Пн: 10:00-23:00; Вт: 10:00-23:00; Ср: 10:00-23:00; Чт: 10:00-23:00; Пт: 10:00-23:00; Сб: 10:00-23:00; Вс: 10:00-23:00,+05:00,4.6,219,87711023057,,,,,,,https://instagram.com/nurba_barbershop_astana,,,https://wa.me/77711023057,,,,,,51.117444,71.476782,https://2gis.com/firm/70000001090812502,branch
Office 6,барбершоп,Барбершопы,"улица Алихан Бокейхан, 42",,010000,,Есиль район,Астана,,Астана,Казахстан,Пн: 10:00-21:00; Вт: 10:00-21:00; Ср: 10:00-21:00; Чт: 10:00-21:00; Пт: 10:00-21:00; Сб: 10:00-21:00; Вс: 10:00-21:00,+05:00,4.9,224,87020946866,,,,,,,https://instagram.com/office6bs,,,https://wa.me/77020946866,,,,,,51.088789,71.427336,https://2gis.com/firm/70000001076138668,branch
Qult,барбершоп,Барбершопы,"улица Е-899, 5/3",,,,Нура район,Астана,,Астана,Казахстан,Пн: 11:00-21:00; Вт: 11:00-21:00; Ср: 11:00-21:00; Чт: 11:00-21:00; Пт: 11:00-21:00; Сб: 11:00-21:00; Вс: 11:00-21:00,+05:00,4.9,57,87711965043,,,,,,,https://instagram.com/qult.barbershop,,,https://wa.me/77711965043,,,,,,51.138206,71.388292,https://2gis.com/firm/70000001109640872,branch
Raid,барбершоп,Барбершопы,"улица Темирбек Жургенов, 19",,,,Сарайшык район,Астана,,Астана,Казахстан,Пн: 10:00-24:00; Вт: 10:00-24:00; Ср: 10:00-24:00; Чт: 10:00-24:00; Пт: 10:00-24:00; Сб: 10:00-24:00; Вс: 10:00-24:00,+05:00,4.7,67,87057419539,,,,,,,https://instagram.com/raid.barbershop,,,https://wa.me/77757001069,,,,,,51.118066,71.501518,https://2gis.com/firm/70000001114097529,branch
Raid,барбершоп,Барбершопы,"проспект Ракымжан Кошкарбаев, 54а",,,,Сарайшык район,Астана,,Астана,Казахстан,Пн: 10:00-22:00; Вт: 10:00-22:00; Ср: 10:00-22:00; Чт: 10:00-22:00; Пт: 10:00-22:00; Сб: 10:00-22:00; Вс: 10:00-22:00,+05:00,4.9,270,87777545401,,,,,,,https://instagram.com/raid.barbershop,,,https://wa.me/77777545401,,,,,,51.129097,71.499521,https://2gis.com/firm/70000001090219668,branch
S14,барбершоп,Барбершопы,"улица Сауран, 14",цокольный этаж,,,Есиль район,Астана,,Астана,Казахстан,Пн: 10:00-21:00; Вт: 10:00-21:00; Ср: 10:00-21:00; Чт: 10:00-21:00; Пт: 10:00-21:00; Сб: 10:00-21:00; Вс: 10:00-21:00 (по предварительной записи),+05:00,4.9,277,87056718772,,,,,,,,,,https://wa.me/77056718772,,,,,,51.115406,71.419728,https://2gis.com/firm/70000001068524244,branch
Sage barbershop,,Барбершопы,"улица Шамши Калдаяков, 6",,,,Сарайшык район,Астана,,Астана,Казахстан,Пн: 09:00-20:00; Вт: 09:00-20:00; Ср: 09:00-20:00; Чт: 09:00-20:00; Пт: 09:00-20:00; Сб: 09:00-20:00; Вс: 09:00-20:00,+05:00,4.9,71,87017344600,,,,,,,https://instagram.com/kimax_barber_sage,,,https://wa.me/77017344600,,,,,,51.118058,71.458946,https://2gis.com/firm/70000001094135387,branch
Saqal коке,,Барбершопы; Обучение мастеров для салонов красоты,"улица Жошы хан, 1/2",,010000,,Есиль район,Астана,,Астана,Казахстан,Пн: 10:00-23:00; Вт: 10:00-23:00; Ср: 10:00-23:00; Чт: 10:00-23:00; Пт: 10:00-23:00; Сб: 10:00-23:00; Вс: 10:00-23:00,+05:00,4.9,321,87073023023,,,saqal.koke@gmail.com,,,,https://instagram.com/saqal.koke,,,https://wa.me/77073023023,,,,,,51.095721,71.435117,https://2gis.com/firm/70000001100455515,branch
Senior,барбершоп,Барбершопы,"проспект Мангилик Ел, 51/2",цокольный этаж,010000,,Есиль район,Астана,,Астана,Казахстан,Пн: 10:00-20:00; Вт: 10:00-20:00; Ср: 10:00-20:00; Чт: 10:00-20:00; Пт: 10:00-20:00; Сб: 10:00-20:00; Вс: 10:00-20:00,+05:00,5.0,112,87759090996,,,,,,,https://instagram.com/barbershop_senior_astana,,,https://wa.me/77759090996,,,,,,51.095355,71.423504,https://2gis.com/firm/70000001078530101,branch
Sensei,барбершоп,Барбершопы,"улица Кажымукан, 12Б",,,4 м-н,Алматы район,Астана,,Астана,Казахстан,Пн: 10:00-24:00; Вт: 10:00-24:00; Ср: 10:00-24:00; Чт: 10:00-24:00; Пт: 10:00-24:00; Сб: 10:00-24:00; Вс: 10:00-24:00 (по предварительной записи),+05:00,4.9,316,87010360222,,,,,,,https://instagram.com/senseibbarbershop,,,https://wa.me/77010360222,,,,,,51.153948,71.467815,https://2gis.com/firm/70000001072131311,branch
Shoms_ik,кабинет барбера,Барбершопы,"улица Анет баба, 2",в салоне ES.Body,010000,,Нура район,Астана,,Астана,Казахстан,Вт: 11:00-21:00; Ср: 11:00-21:00; Чт: 11:00-21:00; Пт: 11:00-21:00; Сб: 11:00-21:00; Вс: 11:00-21:00 (по предварительной записи),+05:00,5.0,56,87073345152,,,,,,,https://instagram.com/shoms_ik,,,https://wa.me/77073345152,,,,,,51.131377,71.384304,https://2gis.com/firm/70000001101405894,branch
Skala,,Барбершопы,"улица Жумекен Нажимеденов, 54",НП: 10,,,Сарайшык район,Астана,,Астана,Казахстан,Пн: 10:00-22:00; Вт: 10:00-22:00; Ср: 10:00-22:00; Чт: 10:00-22:00; Пт: 10:00-22:00; Сб: 10:00-22:00; Вс: 10:00-22:00,+05:00,5.0,139,87776998333,,,,,,,https://instagram.com/skala.kz,,,https://wa.me/77776998333,,,,,,51.110713,71.525006,https://2gis.com/firm/70000001110073246,branch
Spirito Royal,барбершоп,Барбершопы,"улица Касым Кайсенов, 6",,,,Есиль район,Астана,,Астана,Казахстан,Пн: 10:00-22:00; Вт: 10:00-22:00; Ср: 10:00-22:00; Чт: 10:00-22:00; Пт: 10:00-22:00; Сб: 10:00-22:00; Вс: 10:00-22:00,+05:00,4.9,417,87777240240,,,,,,,https://instagram.com/spiritoroyal.barbershop01,,,https://wa.me/77777240240,,,,,,51.097204,71.445796,https://2gis.com/firm/70000001104888317,branch
Spirito Royal,барбершоп,Барбершопы,"проспект Улы Дала, 58",НП: 7,,,Есиль район,Астана,,Астана,Казахстан,Пн: 10:00-22:00; Вт: 10:00-22:00; Ср: 10:00-22:00; Чт: 10:00-22:00; Пт: 10:00-22:00; Сб: 10:00-22:00; Вс: 10:00-22:00,+05:00,5.0,460,87008691010,,,,,,,https://instagram.com/spiritoroyal.barbershop01,,,https://wa.me/77008691010,,,,,,51.096948,71.412239,https://2gis.com/firm/70000001103703986,branch
Stil,,Барбершопы,"улица Ахмет Байтурсынулы, 47",,010000,,Сарайшык район,Астана,,Астана,Казахстан,Пн: 10:00-23:00; Вт: 10:00-23:00; Ср: 10:00-23:00; Чт: 10:00-23:00; Пт: 10:00-23:00; Сб: 10:00-23:00; Вс: 10:00-23:00,+05:00,4.9,173,87071540851,87074209086,,,,,,,,,https://wa.me/77071540851,,,,,,51.118147,71.512475,https://2gis.com/firm/70000001110596679,branch
Stilist,,Барбершопы,"улица Бердибек Сокпакбаев, 16",цокольный этаж,,,Сарыарка район,Астана,,Астана,Казахстан,Пн: 09:00-21:00; Вт: 09:00-21:00; Ср: 09:00-21:00; Чт: 09:00-21:00; Пт: 09:00-21:00; Сб: 09:00-21:00; Вс: 09:00-21:00 (по предварительной записи),+05:00,4.9,81,87054502053,,,,,,,https://instagram.com/barber_akif,,,https://wa.me/77054502053,,,,https://t.me/+77054502053,,51.173012,71.388864,https://2gis.com/firm/70000001069393384,branch
Stolichny,барбершоп,Барбершопы,"улица Сарайшык, 40",,,,Есиль район,Астана,,Астана,Казахстан,Пн: 10:00-21:00; Вт: 10:00-21:00; Ср: 10:00-21:00; Чт: 10:00-21:00; Пт: 10:00-21:00; Сб: 10:00-21:00; Вс: 10:00-21:00,+05:00,4.7,13,87778268995,,,,,,,https://instagram.com/Stolichny.barbershop,,,https://wa.me/77778268995,,,,,,51.132349,71.438025,https://2gis.com/firm/70000001109554071,branch
Surf Barbershop,,Барбершопы,"улица Кайым Мухамедханов, 8",,,,Нура район,Астана,,Астана,Казахстан,Пн: 10:00-22:00; Вт: 10:00-22:00; Ср: 10:00-22:00; Чт: 10:00-22:00; Пт: 10:00-22:00; Сб: 10:00-22:00; Вс: 10:00-22:00 (по предварительной записи),+05:00,5.0,40,87077530928,,,,,,,https://instagram.com/surf_barbershop,,,https://wa.me/77475122174,,,,,,51.139831,71.382015,https://2gis.com/firm/70000001065624924,branch
Svoy bro,,Барбершопы,"улица Чингиз Айтматов, 34",цокольный этаж,,,Нура район,Астана,,Астана,Казахстан,Пн: 11:00-20:00; Вт: 11:00-20:00; Ср: 11:00-20:00; Чт: 11:00-20:00; Пт: 11:00-20:00; Сб: 11:00-20:00; Вс: 11:00-20:00,+05:00,4.9,39,87759126654,,,,,,,,,,https://wa.me/77759126654,,,,,,51.13106,71.362922,https://2gis.com/firm/70000001046912609,branch
Tau,барбершоп,Барбершопы,"улица Култегин, 17",НП: 2,,,Нура район,Астана,,Астана,Казахстан,Пн: 10:00-21:00; Вт: 10:00-21:00; Ср: 10:00-21:00; Чт: 10:00-21:00; Пт: 10:00-21:00; Сб: 10:00-21:00; Вс: 10:00-21:00,+05:00,4.9,102,87780991349,,,,,,,https://instagram.com/tau_barbershop01,,,https://wa.me/77780991349,,,,,,51.137609,71.373816,https://2gis.com/firm/70000001104288636,branch
The Shelby,,Барбершопы,"проспект Шакарим Кудайбердыулы, 33",,,,Алматы район,Астана,,Астана,Казахстан,Пн: 10:00-22:00; Вт: 10:00-22:00; Ср: 10:00-22:00; Чт: 10:00-22:00; Пт: 10:00-22:00; Сб: 10:00-22:00; Вс: 10:00-22:00,+05:00,4.9,199,87771146601,,,,,,,https://instagram.com/ts__barbershop,,,https://wa.me/77771146601,,,,,,51.15351,71.507508,https://2gis.com/firm/70000001112729862,branch
Tör,барбершоп,Барбершопы,"улица Аманжол Болекпаев, 22",цокольный этаж,010000,,Сарайшык район,Астана,,Астана,Казахстан,Пн: 10:00-22:00; Вт: 10:00-22:00; Ср: 10:00-22:00; Чт: 10:00-22:00; Пт: 10:00-22:00; Сб: 10:00-22:00; Вс: 10:00-22:00,+05:00,5.0,142,87076006800 (барбершоп),,,,,,,https://instagram.com/tor.barbershop.astana,,,https://wa.me/77076006800,,,,,,51.120596,71.51028,https://2gis.com/firm/70000001103753566,branch
Tör,барбершоп,Барбершопы,"улица Касым Кайсенов, 2",НП: 8,,,Есиль район,Астана,,Астана,Казахстан,Пн: 10:00-22:00; Вт: 10:00-22:00; Ср: 10:00-22:00; Чт: 10:00-22:00; Пт: 10:00-22:00; Сб: 10:00-22:00; Вс: 10:00-22:00,+05:00,4.9,285,87776116671 (отдел записи),,,,,,,https://instagram.com/tor.barbershop.astana,,,https://wa.me/77776116671,,,,,,51.094564,71.443971,https://2gis.com/firm/70000001095070167,branch
Traditional Barbershop,,Барбершопы,"проспект Мангилик Ел, 41/2",,010000,,Есиль район,Астана,,Астана,Казахстан,Пн: 10:00-21:00; Вт: 10:00-21:00; Ср: 10:00-21:00; Чт: 10:00-21:00; Пт: 10:00-21:00; Сб: 10:00-21:00; Вс: 10:00-21:00,+05:00,4.9,438,87475678866,,,,,,,https://instagram.com/traditionalbarbershop.kz,,,https://wa.me/77475678866,,,,,,51.100799,71.427551,https://2gis.com/firm/70000001036483273,branch
Triumph Barbershop,,Барбершопы; Обучение мастеров для салонов красоты,"Аль-Фараби проспект, 17",,,,Есиль район,Астана,,Астана,Казахстан,Пн: 11:00-21:00; Вт: 11:00-21:00; Ср: 11:00-21:00; Чт: 11:00-21:00; Пт: 11:00-21:00; Сб: 11:00-21:00; Вс: 11:00-21:00,+05:00,4.9,841,87760008144,,,,,,,https://instagram.com/triumph_barbershop_,,,https://wa.me/77760008144,,,,https://t.me/+77760008144,,51.094026,71.449493,https://2gis.com/firm/70000001077459169,branch
TTM,барбершоп,Барбершопы,"улица Малика Габдуллина, 16",,,,Байконыр район,Астана,,Астана,Казахстан,Пн: 09:00-22:00; Вт: 09:00-22:00; Ср: 09:00-22:00; Чт: 09:00-22:00; Пт: 09:00-22:00; Сб: 09:00-22:00; Вс: 09:00-22:00,+05:00,5.0,368,87757077648,,,,,,,https://instagram.com/ttmbarbershop2024,,,https://wa.me/77757077648,,,,,,51.164775,71.432112,https://2gis.com/firm/70000001084173113,branch
Turan,барбершоп,Барбершопы,"улица Сакена Сейфуллина, 9",,,,Сарыарка район,Астана,,Астана,Казахстан,Пн: 10:00-22:00; Вт: 10:00-22:00; Ср: 10:00-22:00; Чт: 10:00-22:00; Пт: 10:00-22:00; Сб: 10:00-22:00; Вс: 10:00-22:00,+05:00,5.0,160,87757760998,,,,,,,,,,https://wa.me/77757760998,,,,,,51.169212,71.405344,https://2gis.com/firm/70000001093624736,branch
Union,,Барбершопы; Обучение мастеров для салонов красоты,"улица Кенесары, 4",2 этаж,,,Сарыарка район,Астана,,Астана,Казахстан,Пн: 10:00-20:00; Вт: 10:00-20:00; Ср: 10:00-20:00; Чт: 10:00-20:00; Пт: 10:00-20:00; Сб: 10:00-20:00; Вс: 10:00-20:00,+05:00,5.0,7,87773533355,,,,,,,https://instagram.com/esbarbershop,,https://vk.com/esbarbershop,https://wa.me/77773533355,,,viber://chat/?number=77773533355,https://t.me/esbarbershop,,51.161762,71.401466,https://2gis.com/firm/70000001052611887,branch
uralbarber_,барбершоп,Барбершопы,"улица Жумекен Нажимеденов, 4",,,,Сарайшык район,Астана,,Астана,Казахстан,Пн: 11:00-20:00; Вт: 11:00-20:00; Ср: 11:00-20:00; Чт: 11:00-20:00; Пт: 11:00-20:00; Сб: 11:00-20:00; Вс: 11:00-20:00,+05:00,5.0,28,87478062726,,,,,,,https://instagram.com/uralbarber_,,,https://wa.me/77478062726,,,,,,51.120233,71.45987,https://2gis.com/firm/70000001103797496,branch
Westman,барбершоп,Барбершопы,"улица Кенесары, 4Б",,,,Сарыарка район,Астана,,Астана,Казахстан,Пн: 10:00-21:00; Вт: 10:00-21:00; Ср: 10:00-21:00; Чт: 10:00-21:00; Пт: 10:00-21:00; Сб: 10:00-21:00; Вс: 10:00-21:00 (по предварительной записи),+05:00,4.9,38,87756556575,,,,,,,,,,https://wa.me/77756556575,,,,,,51.161019,71.402585,https://2gis.com/firm/70000001098551403,branch
X Town,барбершоп,Барбершопы,"улица Азильхан Нуршаихов, 6/1",2 этаж,,,Нура район,Астана,,Астана,Казахстан,Пн: 11:00-22:00; Вт: 11:00-22:00; Ср: 11:00-22:00; Чт: 11:00-22:00; Пт: 11:00-22:00; Сб: 11:00-22:00; Вс: 11:00-22:00,+05:00,4.9,103,87071733113,,,,,,,,,,https://wa.me/77071733113,,,,,,51.12917,71.361771,https://2gis.com/firm/70000001093042967,branch
Али,,Барбершопы,"улица Жумекен Нажимеденов, 15",,,,Сарайшык район,Астана,,Астана,Казахстан,Пн: 10:00-22:00; Вт: 10:00-22:00; Ср: 10:00-22:00; Чт: 10:00-22:00; Пт: 10:00-22:00; Сб: 10:00-22:00; Вс: 10:00-22:00,+05:00,5.0,26,87055421525,,,,,,,,,,https://wa.me/77055421525,,,,,,51.113636,71.510483,https://2gis.com/firm/70000001114628385,branch
Алтай,барбершоп,Барбершопы,"Кабанбай батыр проспект, 59Б",,,,Нура район,Астана,,Астана,Казахстан,Пн: 10:00-21:00; Вт: 10:00-21:00; Ср: 10:00-21:00; Чт: 10:00-21:00; Пт: 10:00-21:00; Сб: 10:00-21:00; Вс: 10:00-21:00,+05:00,4.6,115,87084973118,,,,,,,https://instagram.com/altaybarbershop_astana,,,https://wa.me/77070553118,,,,https://t.me/+77070553118,,51.077016,71.397015,https://2gis.com/firm/70000001105149929,branch
Әли,барбершоп,Барбершопы,"Е-67 улица, 8",,,,Нура район,Астана,,Астана,Казахстан,Пн: 10:00-23:00; Вт: 10:00-23:00; Ср: 10:00-23:00; Чт: 10:00-23:00; Пт: 10:00-23:00; Сб: 10:00-23:00; Вс: 10:00-23:00,+05:00,5.0,347,87781710386,,,,,,,,,,https://wa.me/77781710386,,,,,,51.125712,71.398294,https://2gis.com/firm/70000001099976364,branch
Бакс,барбершоп,Барбершопы,"улица Жумекен Нажимеденов, 16а",,,,Сарайшык район,Астана,,Астана,Казахстан,Пн: 09:00-24:00; Вт: 09:00-24:00; Ср: 09:00-24:00; Чт: 09:00-24:00; Пт: 09:00-24:00; Сб: 09:00-24:00; Вс: 09:00-24:00 (по предварительной записи),+05:00,5.0,66,87018200555,,,,,,,,,,https://wa.me/77018200555,,,,,,51.117551,71.476825,https://2gis.com/firm/70000001112607806,branch
Барбершоп,,Барбершопы,"улица Илияса Есенберлина, 11",,,,Сарыарка район,Астана,,Астана,Казахстан,Пн: 09:30-21:00; Вт: 09:30-21:00; Ср: 09:30-21:00; Чт: 09:30-21:00; Пт: 09:30-21:00; Сб: 09:30-21:00; Вс: 09:30-21:00,+05:00,4.7,34,87024131533,,,,,,,https://instagram.com/begalinov777,,,https://wa.me/77053427527,,,,,,51.190993,71.408615,https://2gis.com/firm/70000001082659917,branch
Барбершоп,,Барбершопы,"Алиби Жангельдина улица, 42",26 бутик; 1 этаж,,,Байконыр район,Астана,,Астана,Казахстан,Пн: 10:00-20:00; Вт: 10:00-20:00; Ср: 10:00-20:00; Чт: 10:00-20:00; Пт: 10:00-20:00; Сб: 10:00-20:00; Вс: 10:00-20:00,+05:00,4.9,9,87023846763,,,,,,,,,,https://wa.me/77023846763,,,,,,51.17537,71.433452,https://2gis.com/firm/70000001023440903,branch
Достық,,Барбершопы,"проспект Ракымжан Кошкарбаев, 34",2 этаж; напротив меховой салон Ayajan Toktassyn,,,Сарайшык район,Астана,,Астана,Казахстан,Пн: 08:00-24:00; Вт: 08:00-24:00; Ср: 08:00-24:00; Чт: 08:00-24:00; Пт: 08:00-24:00; Сб: 08:00-24:00; Вс: 08:00-24:00,+05:00,4.9,79,87771032315,,,,,,,,,,https://wa.me/77771032315,,,,,,51.125225,71.482758,https://2gis.com/firm/70000001113243322,branch
Өзге,,Барбершопы,"улица Чингиз Айтматов, 79",,,,Сарыарка район,Астана,,Астана,Казахстан,Пн: 10:00-21:00; Вт: 10:00-21:00; Ср: 10:00-21:00; Чт: 10:00-21:00; Пт: 10:00-21:00; Сб: 10:00-21:00; Вс: 10:00-21:00,+05:00,5.0,35,87066784147,87084144250,,,,,,,,,https://wa.me/77084144250,,,,,,51.16762,71.373805,https://2gis.com/firm/70000001112682700,branch
Сырлы қайшы,,Барбершопы,"улица Жубан Молдагалиев, 10",НП: 10,,,Нура район,Астана,,Астана,Казахстан,"Пн: 10:00-12:00, 13:00-21:30; Вт: 10:00-12:00, 13:00-21:30; Чт: 10:00-12:00, 13:00-21:30; Пт: 10:00-12:00, 13:00-21:30; Сб: 10:00-12:00, 13:00-21:30; Вс: 10:00-12:00, 13:00-21:30",+05:00,4.9,53,87007201314,,,,,,,https://instagram.com/serle_kaishe,,,https://wa.me/77007201314,,,,,,51.124152,71.375742,https://2gis.com/firm/70000001092499678,branch
Тасним,мужской салон,Барбершопы,"улица Е 797, 2",,,,Нура район,Астана,,Астана,Казахстан,Пн: 10:00-20:00; Вт: 10:00-20:00; Ср: 10:00-20:00; Чт: 10:00-20:00; Пт: 10:00-20:00; Сб: 10:00-20:00; Вс: 10:00-20:00,+05:00,5.0,12,87080548100,,,,,,,,,,,,,,,,51.138188,71.378616,https://2gis.com/firm/70000001114274456,branch
Торғай,барбершоп,Барбершопы,"5-я улица, 105а",,,,,,Целиноградский район,Акмолинская область,Казахстан,Пн: 10:00-23:00; Вт: 10:00-23:00; Ср: 10:00-23:00; Чт: 10:00-23:00; Пт: 10:00-23:00; Сб: 10:00-23:00; Вс: 10:00-23:00,+05:00,4.7,15,87064164863,87066065632,87087243492,,,,,https://instagram.com/Xaidar_barber,,,https://wa.me/77066065632,https://wa.me/77064164863,https://wa.me/77087243492,,,,51.230964,71.236324,https://2gis.com/firm/70000001115499285,branch
Хасл,,Барбершопы,"улица Кенесары, 4",2 этаж; слева от Империи меха,,,Сарыарка район,Астана,,Астана,Казахстан,Пн: 10:00-24:00; Вт: 10:00-24:00; Ср: 10:00-24:00; Чт: 10:00-24:00; Пт: 10:00-24:00; Сб: 10:00-24:00; Вс: 10:00-24:00 (по предварительной записи),+05:00,5.0,125,87011210106,,,,,,,https://instagram.com/karishka1010,,,https://wa.me/77011210106,,,,,,51.161604,71.400175,https://2gis.com/firm/70000001110590716,branch
