Наименование,Описание,Рубрики,Адрес,Комментарий к адресу,Почтовый индекс,Микрорайон,Район,Город,Округ,Регион,Страна,Часы работы,Часовой пояс,Рейтинг,Количество отзывов,Телефон 1,Телефон 2,Телефон 3,E-mail,Веб-сайт 1,Веб-сайт 2,Instagram,Facebook,ВКонтакте,WhatsApp 1,WhatsApp 2,WhatsApp 3,Viber,Telegram,YouTube,Широта,Долгота,2GIS URL,Тип
7 небо,бизнес-центр,Бизнес-центры; Аренда помещений,"Кабдолова улица, 2",,050062,,Ауэзовский район,Алматы,,Алматы,Казахстан,Пн: 09:00-18:00; Вт: 09:00-18:00; Ср: 09:00-18:00; Чт: 09:00-18:00; Пт: 09:00-18:00; Сб: 09:00-14:00,+05:00,4.8,8,87077272271,,,,,,,,,,,,,,,43.237828,76.85848,https://2gis.com/firm/70000001093612188,branch
Abylai Khan Plaza,многофункциональный комплекс,Бизнес-центры,"проспект Абылай хана, 53",4 этаж,050004,,Алмалинский район,Алматы,,Алматы,Казахстан,"Пн: 09:00-13:00, 14:00-18:00; Вт: 09:00-13:00, 14:00-18:00; Ср: 09:00-13:00, 14:00-18:00; Чт: 09:00-13:00, 14:00-18:00; Пт: 09:00-13:00, 14:00-18:00",+05:00,4.9,132,87717185884,,,,,,,,,,,,,,,43.264037,76.939834,https://2gis.com/firm/70000001028198889,branch
Akas,бизнес-центр,Бизнес-центры,"проспект Абая, 218/1",,050006,,Ауэзовский район,Алматы,,Алматы,Казахстан,Пн: 09:00-18:00; Вт: 09:00-18:00; Ср: 09:00-18:00; Чт: 09:00-18:00; Пт: 09:00-18:00,+05:00,4.8,36,87273394612,,,,,,,,,,,,,,,43.232335,76.870453,https://2gis.com/firm/70000001041371651,branch
Alatau,бизнес-центр,Бизнес-центры,"Муканова улица, 223в",2 этаж,050026,,Алмалинский район,Алматы,,Алматы,Казахстан,"Пн: 09:00-13:00, 14:00-18:00; Вт: 09:00-13:00, 14:00-18:00; Ср: 09:00-13:00, 14:00-18:00; Чт: 09:00-13:00, 14:00-18:00; Пт: 09:00-13:00, 14:00-18:00",+05:00,4.8,23,87273784008,87771631239,87081095139,,,,,,,https://wa.me/77081095139,https://wa.me/77771631239,,,,,43.251531,76.914211,https://2gis.com/firm/70000001020025817,branch
Alatau views,бизнес-центр,Бизнес-центры,"улица Юрия Померанцева, 5",,050059,,Бостандыкский район,Алматы,,Алматы,Казахстан,"Пн: 09:00-13:00, 14:00-18:00; Вт: 09:00-13:00, 14:00-18:00; Ср: 09:00-13:00, 14:00-18:00; Чт: 09:00-13:00, 14:00-18:00; Пт: 09:00-13:00, 14:00-18:00",+05:00,5.0,13,87017540672,87071170748,,,,,,,,https://wa.me/77017540672,https://wa.me/77071170748,,,,,43.233596,76.943308,https://2gis.com/firm/70000001099976454,branch
Alba e`Esperanza,бизнес-центр,Бизнес-центры; Аренда помещений,"улица Зенкова, 22",1 этаж,050010,,Медеуский район,Алматы,,Алматы,Казахстан,Пн: 09:00-18:00; Вт: 09:00-18:00; Ср: 09:00-18:00; Чт: 09:00-18:00; Пт: 09:00-18:00,+05:00,4.7,27,87719935700,87779501869 (администратор),,,,,,,,,,,,,,43.259992,76.957116,https://2gis.com/firm/70000001039069993,branch
AlmaTau,бизнес-центр,Бизнес-центры; Аренда помещений,"улица Кажымукана, 86",1 этаж,050059,Горный гигант м-н,Медеуский район,Алматы,,Алматы,Казахстан,Пн: 09:00-18:00; Вт: 09:00-18:00; Ср: 09:00-18:00; Чт: 09:00-18:00; Пт: 09:00-18:00,+05:00,4.9,28,87081970545,,,,,,,,,,,,,,,43.222069,76.950078,https://2gis.com/firm/9429940001195815,branch
Almaty Plaza,​бизнес-центр,Бизнес-центры,"улица Наурызбай батыра, 17а",,050004,,Алмалинский район,Алматы,,Алматы,Казахстан,Пн: 08:00-20:00; Вт: 08:00-20:00; Ср: 08:00-20:00; Чт: 08:00-20:00; Пт: 08:00-20:00,+05:00,4.9,45,87777002099 (отдел управления зданием ),87073264505 (отдел управления аренды),,,,,,,,,,,,,,43.264449,76.934484,https://2gis.com/firm/70000001081846074,branch
Ambassador,бизнес-центр,Бизнес-центры; Аренда помещений,"улица Толе би, 83",,050012,,Алмалинский район,Алматы,,Алматы,Казахстан,"Пн: 07:00-13:00, 14:00-20:00; Вт: 07:00-13:00, 14:00-20:00; Ср: 07:00-13:00, 14:00-20:00; Чт: 07:00-13:00, 14:00-20:00; Пт: 07:00-13:00, 14:00-20:00 (администрация: пн-пт 9:00-18:00)",+05:00,4.9,142,87076028369,,,,,,https://instagram.com/ambassador_business_center,,,https://wa.me/77076028369,,,,https://t.me/+77076028369,,43.254458,76.931665,https://2gis.com/firm/9429940000791576,branch
Ardin,бизнес-центр,Бизнес-центры,"проспект Достык, 91/2","402, 501-510 офис; 4, 5 этаж",050051,Самал-2 м-н,Медеуский район,Алматы,,Алматы,Казахстан,Пн: 07:30-21:00; Вт: 07:30-21:00; Ср: 07:30-21:00; Чт: 07:30-21:00; Пт: 07:30-21:00; Сб: 07:30-21:00; Вс: 07:30-21:00,+05:00,4.9,132,87773277808,87076334168,,,,,,,,https://wa.me/77076334168,,,,,,43.23176,76.958942,https://2gis.com/firm/70000001027656627,branch
Aspan,бизнес-центр,Бизнес-центры,"микрорайон Жетысу-3, 23а",,050063,Жетысу-3 м-н,Ауэзовский район,Алматы,,Алматы,Казахстан,Пн: 08:30-19:00; Вт: 08:30-19:00; Ср: 08:30-19:00; Чт: 08:30-19:00; Пт: 08:30-19:00; Сб: 08:30-19:00; Вс: 08:30-19:00,+05:00,4.9,33,87027145003,,,,,,,,,https://wa.me/77027145003,,,,,,43.218484,76.844484,https://2gis.com/firm/70000001106047617,branch
Aspara,бизнес-центр,Бизнес-центры,"проспект Райымбека, 348/4",101 офис; 1 этаж,050061,Тастак-1 м-н,Ауэзовский район,Алматы,,Алматы,Казахстан,"Пн: 09:00-13:00, 14:00-18:00; Вт: 09:00-13:00, 14:00-18:00; Ср: 09:00-13:00, 14:00-18:00; Чт: 09:00-13:00, 14:00-18:00; Пт: 09:00-13:00, 14:00-18:00; Сб: 09:00-16:00",+05:00,4.9,83,87012181490 (администрация),87272650202,87272447857,,,,https://instagram.com/bc_aspara,,,,,,,,,43.255337,76.864271,https://2gis.com/firm/70000001020550020,branch
AutoCity,торговый центр,Бизнес-центры; Аренда помещений,"микрорайон Аксай-3Б, 1Б",309 офис; 3 этаж,050031,Аксай-3Б м-н,Ауэзовский район,Алматы,,Алматы,Казахстан,Пн: 08:00-20:00; Вт: 08:00-20:00; Ср: 08:00-20:00; Чт: 08:00-20:00; Пт: 08:00-20:00; Сб: 08:00-20:00; Вс: 08:00-20:00,+05:00,4.9,304,87758317380,87019796935,,,,,https://instagram.com/autocity.almaty.tc,,,https://wa.me/77758317380,,,,,,43.237225,76.823203,https://2gis.com/firm/70000001025674060,branch
Bailyk-Development,бизнес-центр,Бизнес-центры; Аренда помещений,"Байзакова улица, 90",1 этаж,050026,,Алмалинский район,Алматы,,Алматы,Казахстан,"Пн: 09:00-13:00, 14:00-18:00; Вт: 09:00-13:00, 14:00-18:00; Ср: 09:00-13:00, 14:00-18:00; Чт: 09:00-13:00, 14:00-18:00; Пт: 09:00-13:00, 14:00-18:00",+05:00,4.9,46,87076773114 (администратор),,,,,,,,,https://wa.me/77076773114,,,,,,43.258261,76.911121,https://2gis.com/firm/9429940001334448,branch
Baitursyn,бизнес-центр,Бизнес-центры,"улица Курмангазы, 111",,050022,,Алмалинский район,Алматы,,Алматы,Казахстан,Пн: 09:00-22:00; Вт: 09:00-22:00; Ср: 09:00-22:00; Чт: 09:00-22:00; Пт: 09:00-22:00; Сб: 09:00-22:00; Вс: 09:00-22:00,+05:00,4.9,82,87273131364,,,,,,,,,,,,,,,43.243548,76.926547,https://2gis.com/firm/70000001063162397,branch
Bliss,бизнес-центр,Бизнес-центры,"улица Гурилёва, 106а",1 этаж,050019,,Медеуский район,Алматы,,Алматы,Казахстан,Пн: 00:00-24:00; Вт: 00:00-24:00; Ср: 00:00-24:00; Чт: 00:00-24:00; Пт: 00:00-24:00; Сб: 00:00-24:00; Вс: 00:00-24:00,+05:00,4.6,21,87017161166,87273377337,,,,,,,,,,,,,,43.288697,76.981149,https://2gis.com/firm/9429940000958852,branch
BNC,бизнес-центр,Бизнес-центры,"Саина улица, 30",1-3 этаж,050031,,Ауэзовский район,Алматы,,Алматы,Казахстан,"Пн: 09:00-13:00, 14:00-18:00; Вт: 09:00-13:00, 14:00-18:00; Ср: 09:00-13:00, 14:00-18:00; Чт: 09:00-13:00, 14:00-18:00; Пт: 09:00-13:00, 14:00-18:00",+05:00,4.9,44,87273560503,,,,,,,,,https://wa.me/77066069906,,,,,,43.235183,76.842849,https://2gis.com/firm/9429940001195057,branch
BNC Plaza,бизнес-центр,Бизнес-центры; Аренда помещений,"улица Тимирязева, 26",1 этаж,050040,,Бостандыкский район,Алматы,,Алматы,Казахстан,"Пн: 09:00-13:00, 14:00-18:00; Вт: 09:00-13:00, 14:00-18:00; Ср: 09:00-13:00, 14:00-18:00; Чт: 09:00-13:00, 14:00-18:00; Пт: 09:00-13:00, 14:00-18:00",+05:00,4.9,77,87272400000,,,,,,,,,,,,,,,43.230212,76.933603,https://2gis.com/firm/70000001027957530,branch
Botan,бизнес-центр,Бизнес-центры,"улица Черноморская, 12Б",3 этаж,050050,,Жетысуский район,Алматы,,Алматы,Казахстан,"Пн: 09:00-13:00, 14:00-18:00; Вт: 09:00-13:00, 14:00-18:00; Ср: 09:00-13:00, 14:00-18:00; Чт: 09:00-13:00, 14:00-18:00; Пт: 09:00-13:00, 14:00-18:00",+05:00,5.0,23,87273830250,87273830992,87014110960,,,,,,,,,,,,,43.284205,76.934805,https://2gis.com/firm/9429940000786147,branch
Car town,торговый центр,Бизнес-центры; Торговые центры; Аренда помещений,"Халиуллина улица, 158","цокольный, 2 этаж",050019,,Медеуский район,Алматы,,Алматы,Казахстан,Вт: 09:00-20:00; Ср: 09:00-20:00; Чт: 09:00-20:00; Пт: 09:00-20:00; Сб: 09:00-20:00; Вс: 09:00-20:00,+05:00,4.9,74,87773077704,,,,,,https://instagram.com/car_town_almaty,,,https://wa.me/77773077704,,,,,,43.290799,77.00808,https://2gis.com/firm/70000001043717823,branch
D-160,бизнес-центр,Бизнес-центры,"проспект Достык, 160",,050051,,Медеуский район,Алматы,,Алматы,Казахстан,"Пн: 09:00-13:00, 14:30-18:30; Вт: 09:00-13:00, 14:30-18:30; Ср: 09:00-13:00, 14:30-18:30; Чт: 09:00-13:00, 14:30-18:30; Пт: 09:00-13:00, 14:30-18:30",+05:00,4.8,6,87273560971,87273551111 (контакт-центр: пн-пт 9:00-18:00),87273560972,,,,,,,,,,,,,43.23383,76.959079,https://2gis.com/firm/70000001025952968,branch
D-43,бизнес-центр,Бизнес-центры,"проспект Достык, 43",1-5 этаж,050010,,Медеуский район,Алматы,,Алматы,Казахстан,"Пн: 09:00-13:00, 14:00-18:00; Вт: 09:00-13:00, 14:00-18:00; Ср: 09:00-13:00, 14:00-18:00; Чт: 09:00-13:00, 14:00-18:00; Пт: 09:00-13:00, 14:00-18:00; Сб: 09:00-13:00, 14:00-18:00; Вс: 09:00-13:00, 14:00-18:00",+05:00,4.9,18,87009661368,,,,,,,,,https://wa.me/77009661368,,,,,,43.251422,76.955389,https://2gis.com/firm/9429940001093055,branch
Dia Mart,бизнес-центр,Бизнес-центры,"улица Толе би, 274А",1 этаж,050005,,Алмалинский район,Алматы,,Алматы,Казахстан,Пн: 08:00-22:00; Вт: 08:00-22:00; Ср: 08:00-22:00; Чт: 08:00-22:00; Пт: 08:00-22:00; Сб: 08:00-22:00; Вс: 08:00-22:00,+05:00,4.9,44,87085901228,,,,,,https://instagram.com/dia.mart.kz,,,https://wa.me/77085901228,,,,,,43.248535,76.871653,https://2gis.com/firm/70000001105260288,branch
Element Tower,бизнес-центр,Бизнес-центры; Аренда помещений,"Политехническая улица, 2",1 этаж,050013,,Бостандыкский район,Алматы,,Алматы,Казахстан,Пн: 00:00-24:00; Вт: 00:00-24:00; Ср: 00:00-24:00; Чт: 00:00-24:00; Пт: 00:00-24:00; Сб: 00:00-24:00; Вс: 00:00-24:00,+05:00,4.9,21,87071855565,87771270159 (администратор),,,,,,,,,,,,,,43.235605,76.935531,https://2gis.com/firm/70000001084276171,branch
Esentai Square Offices,бизнес-центр,Бизнес-центры,"проспект Аль-Фараби, 77/8",1-3 этаж,050040,,Бостандыкский район,Алматы,,Алматы,Казахстан,"Пн: 09:00-13:00, 14:00-18:00; Вт: 09:00-13:00, 14:00-18:00; Ср: 09:00-13:00, 14:00-18:00; Чт: 09:00-13:00, 14:00-18:00; Пт: 09:00-13:00, 14:00-18:00",+05:00,5.0,5,87717460000,,,,,,,,,,,,,,,43.219277,76.927965,https://2gis.com/firm/70000001022636921,branch
Evolution,бизнес-центр,Бизнес-центры,"Бухар жырау бульвар, 26/1",,050021,Коктем-1 м-н,Бостандыкский район,Алматы,,Алматы,Казахстан,Пн: 08:00-18:00; Вт: 08:00-18:00; Ср: 08:00-18:00; Чт: 08:00-18:00; Пт: 08:00-18:00; Сб: 08:00-12:00,+05:00,4.9,87,87273763700,,,,,,,,,,,,,,,43.232364,76.92322,https://2gis.com/firm/70000001018871039,branch
G84,бизнес-центр,Бизнес-центры; Аренда помещений,"улица Гоголя, 84а",1 этаж,050000,,Алмалинский район,Алматы,,Алматы,Казахстан,Пн: 09:00-19:00; Вт: 09:00-19:00; Ср: 09:00-19:00; Чт: 09:00-19:00; Пт: 09:00-19:00; Сб: 09:00-19:00; Вс: 09:00-19:00,+05:00,3.2,9,87014514444,,,,,,,,,https://wa.me/77014514444,,,,,,43.259035,76.937561,https://2gis.com/firm/70000001066649933,branch
Galianos,бизнес-центр,Бизнес-центры,"улица Казыбек би, 117",102 офис; 1 этаж,050000,,Алмалинский район,Алматы,,Алматы,Казахстан,"Пн: 09:00-13:00, 14:00-18:00; Вт: 09:00-13:00, 14:00-18:00; Ср: 09:00-13:00, 14:00-18:00; Чт: 09:00-13:00, 14:00-18:00; Пт: 09:00-13:00, 14:00-18:00",+05:00,4.9,78,87272390754,87010981527,,,,,,,,https://wa.me/77010981527,,,,,,43.255779,76.929396,https://2gis.com/firm/9429940001328587,branch
Globus,многофункциональный комплекс,Бизнес-центры; Торгово-развлекательные центры,"проспект Абая, 109в",1 этаж,050008,,Алмалинский район,Алматы,,Алматы,Казахстан,Пн: 10:00-22:00; Вт: 10:00-22:00; Ср: 10:00-22:00; Чт: 10:00-22:00; Пт: 10:00-22:00; Сб: 10:00-22:00; Вс: 10:00-22:00 (администрация: пн-пт 9:00-18:00),+05:00,4.9,1305,87273561515,87003561515 (отдел аренды ),87003571515 (отдел аренды),marketing@kdi.kz,,,https://instagram.com/globus_trc,https://facebook.com/GlobusAlmaty.Kz,https://vk.com/globusalmaty,,,,,,,43.240212,76.904875,https://2gis.com/firm/9429940000852215,branch
Green Hill,бизнес-центр,Бизнес-центры,"проспект Суюнбая, 89Б",319 кабинет; 2 этаж,050016,,Жетысуский район,Алматы,,Алматы,Казахстан,Пн: 08:00-18:00; Вт: 08:00-18:00; Ср: 08:00-18:00; Чт: 08:00-18:00; Пт: 08:00-18:00,+05:00,4.9,57,87017663162 (администратор),,,,,,,,,,,,,,,43.282471,76.948572,https://2gis.com/firm/70000001032346430,branch
Grey,бизнес-центр,Бизнес-центры,"улица Жамбыла, 100",,050012,,Алмалинский район,Алматы,,Алматы,Казахстан,Пн: 08:00-18:00; Вт: 08:00-18:00; Ср: 08:00-18:00; Чт: 08:00-18:00; Пт: 08:00-18:00,+05:00,4.9,38,87004000040,,,,,,,,,https://wa.me/77004000040,,,,,,43.246702,76.929756,https://2gis.com/firm/70000001038729573,branch
Green Tower,бизнес-центр,Бизнес-центры; Аренда помещений,"проспект Достык, 192/2",2 этаж,050051,,Медеуский район,Алматы,,Алматы,Казахстан,Пн: 00:00-24:00; Вт: 00:00-24:00; Ср: 00:00-24:00; Чт: 00:00-24:00; Пт: 00:00-24:00; Сб: 00:00-24:00; Вс: 00:00-24:00 (администрация: пн-пт 9:00-18:00),+05:00,4.9,92,87273250325 (доп.201),,,,,,https://instagram.com/greentower_almaty,,,https://wa.me/77011410101,,,,,,43.231631,76.960461,https://2gis.com/firm/70000001026752044,branch
Jenis,бизнес-центр,Бизнес-центры,"Бухар жырау бульвар, 33",1-9 этаж,050040,,Бостандыкский район,Алматы,,Алматы,Казахстан,Пн: 09:00-18:00; Вт: 09:00-18:00; Ср: 09:00-18:00; Чт: 09:00-18:00; Пт: 09:00-18:00,+05:00,4.9,39,87273763700,,,,,,,,,,,,,,,43.232856,76.922235,https://2gis.com/firm/9429940001296480,branch
K Plaza,бизнес-центр,Бизнес-центры,"улица Зеина Шашкина, 24",1 этаж,050040,,Бостандыкский район,Алматы,,Алматы,Казахстан,Пн: 08:00-21:00; Вт: 08:00-21:00; Ср: 08:00-21:00; Чт: 08:00-21:00; Пт: 08:00-21:00; Сб: 09:00-18:00,+05:00,4.9,21,87011432518,,,,,,,,,https://wa.me/77011432518,,,,,,43.22269,76.933728,https://2gis.com/firm/70000001066943138,branch
Kaisar Plaza,торгово-офисный центр,Бизнес-центры; Торговые центры,"улица Желтоксан, 115",1 этаж,050000,,Алмалинский район,Алматы,,Алматы,Казахстан,Пн: 09:00-20:00; Вт: 09:00-20:00; Ср: 09:00-20:00; Чт: 09:00-20:00; Пт: 09:00-20:00; Сб: 09:00-20:00; Вс: 09:00-20:00,+05:00,4.9,276,87273250000,,,,,,,,,,,,,,,43.253072,76.938924,https://2gis.com/firm/70000001025970567,branch
Kulan,бизнес-центр,Бизнес-центры,"проспект Достык, 188",101 офис; 1 этаж,050051,,Медеуский район,Алматы,,Алматы,Казахстан,"Пн: 09:00-13:00, 14:00-18:00; Вт: 09:00-13:00, 14:00-18:00; Ср: 09:00-13:00, 14:00-18:00; Чт: 09:00-13:00, 14:00-18:00; Пт: 09:00-13:00, 14:00-18:00",+05:00,4.8,26,87272598488,87010818557,,,,,,,,https://wa.me/77010818557,,,,,,43.231956,76.960021,https://2gis.com/firm/9429940000788244,branch
Kulan Real Estate,бизнес-центр,Бизнес-центры; Аренда помещений,"улица Пирогова, 31",1 этаж,050040,Коктем-1 м-н,Бостандыкский район,Алматы,,Алматы,Казахстан,Пн: 09:00-18:00; Вт: 09:00-18:00; Ср: 09:00-18:00; Чт: 09:00-18:00; Пт: 09:00-18:00,+05:00,4.9,24,87010840205,87273774455,,,,,,,,https://wa.me/77010840205,,,,,,43.229381,76.927551,https://2gis.com/firm/9429940001146200,branch
Nurkent,торгово-административный комплекс,Бизнес-центры; Торговые центры,"микрорайон Нуркент, 57",1-3 этаж,050000,Нуркент м-н,Алатауский район,Алматы,,Алматы,Казахстан,Пн: 09:00-22:00; Вт: 09:00-22:00; Ср: 09:00-22:00; Чт: 09:00-22:00; Пт: 09:00-22:00; Сб: 09:00-22:00; Вс: 09:00-22:00,+05:00,4.9,88,87070313192,,,,,,,,,https://wa.me/77070313192,,,,,,43.253938,76.820663,https://2gis.com/firm/70000001037790317,branch
office hub 128,бизнес-центр,Бизнес-центры,"Жандарбекова улица, 128",,050057,,Бостандыкский район,Алматы,,Алматы,Казахстан,Пн: 09:00-21:00; Вт: 09:00-21:00; Ср: 09:00-21:00; Чт: 09:00-21:00; Пт: 09:00-21:00,+05:00,4.9,60,87057755557,,,,,,https://instagram.com/officehub.128,,,https://wa.me/77057755557,,,,,,43.237717,76.898596,https://2gis.com/firm/70000001094580560,branch
Nyr,бизнес-центр,Бизнес-центры; Аренда помещений,"улица Толе би, 73а",,050012,,Алмалинский район,Алматы,,Алматы,Казахстан,Пн: 08:00-20:00; Вт: 08:00-20:00; Ср: 08:00-20:00; Чт: 08:00-20:00; Пт: 08:00-20:00; Сб: 08:00-20:00; Вс: 08:00-20:00,+05:00,4.9,58,87073999657,,,,,,,,,https://wa.me/77073999657,,,,,,43.254746,76.934437,https://2gis.com/firm/70000001055108738,branch
Park View Office Tower,бизнес-центр,Бизнес-центры,"улица Кунаева, 77",1 этаж,050010,,Медеуский район,Алматы,,Алматы,Казахстан,Пн: 08:00-19:00; Вт: 08:00-19:00; Ср: 08:00-19:00; Чт: 08:00-19:00; Пт: 08:00-19:00,+05:00,4.9,73,87272733334,87272733335,,,,,,,,,,,,,,43.257982,76.9494,https://2gis.com/firm/9429940001049880,branch
Qonaev,бизнес-центр,Бизнес-центры,"улица Макатаева, 61",1-5 этаж,050004,,Медеуский район,Алматы,,Алматы,Казахстан,"Пн: 09:00-13:00, 14:00-19:00; Вт: 09:00-13:00, 14:00-19:00; Ср: 09:00-13:00, 14:00-19:00; Чт: 09:00-13:00, 14:00-19:00; Пт: 09:00-13:00, 14:00-19:00",+05:00,4.9,337,87010812685,,,,,,,,,https://wa.me/77760285121,,,,,,43.265009,76.948475,https://2gis.com/firm/70000001041618665,branch
Qstaff,бизнес-центр,Бизнес-центры,"Шумный переулок, 2",1 этаж,050013,,Бостандыкский район,Алматы,,Алматы,Казахстан,Пн: 08:00-22:00; Вт: 08:00-22:00; Ср: 08:00-22:00; Чт: 08:00-22:00; Пт: 08:00-22:00; Сб: 08:00-22:00; Вс: 08:00-22:00,+05:00,5.0,55,87079545452,87000778818 (администратор),,,,,https://instagram.com/bc_qstaff,,,https://wa.me/77000778818,https://wa.me/77079545452,,,,,43.234478,76.929216,https://2gis.com/firm/70000001038267246,branch
Quorum,бизнес-центр,Бизнес-центры; Аренда помещений,"микрорайон Мамыр-1, 26",609 офис; 6 этаж,050036,Мамыр-1 м-н,Ауэзовский район,Алматы,,Алматы,Казахстан,"Пн: 09:00-13:00, 14:00-18:00; Вт: 09:00-13:00, 14:00-18:00; Ср: 09:00-13:00, 14:00-18:00; Чт: 09:00-13:00, 14:00-18:00; Пт: 09:00-13:00, 14:00-18:00",+05:00,4.9,102,87021221110,,,,,,,,,https://wa.me/77021221110,,,,,,43.211359,76.847905,https://2gis.com/firm/70000001061124792,branch
Raiymbek,бизнес-центр,Бизнес-центры; Аренда помещений,"улица Жангельдина, 31/2",200 офис; 2 этаж,050002,,Медеуский район,Алматы,,Алматы,Казахстан,Пн: 09:00-18:00; Вт: 09:00-18:00; Ср: 09:00-18:00; Чт: 09:00-18:00; Пт: 09:00-18:00,+05:00,4.9,19,87010812685,,,,,,,,,https://wa.me/77010812685,,,,,,43.270202,76.959471,https://2gis.com/firm/70000001037759940,branch
Samal Towers,бизнес-центр,Бизнес-центры,"микрорайон Самал-2, 97",,050059,Самал-2 м-н,Медеуский район,Алматы,,Алматы,Казахстан,Пн: 09:00-18:00; Вт: 09:00-18:00; Ср: 09:00-18:00; Чт: 09:00-18:00; Пт: 09:00-18:00,+05:00,4.9,100,87781385373,,,,,,,,,,,,,,,43.233535,76.953925,https://2gis.com/firm/70000001041270357,branch
SAT,бизнес-центр,Бизнес-центры,"улица Каныша Сатпаева, 31",,050040,,Бостандыкский район,Алматы,,Алматы,Казахстан,"Пн: 09:00-13:00, 14:00-18:00; Вт: 09:00-13:00, 14:00-18:00; Ср: 09:00-13:00, 14:00-18:00; Чт: 09:00-13:00, 14:00-18:00; Пт: 09:00-13:00, 14:00-18:00",+05:00,4.9,52,87273133823,87027145003,,,,,,,,https://wa.me/77027145003,,,,,,43.23646,76.909496,https://2gis.com/firm/9429940000984857,branch
Satpaev,бизнес-центр,Бизнес-центры; Аренда помещений,"22-я линия, 45",1-3 этаж,050006,,Бостандыкский район,Алматы,,Алматы,Казахстан,"Пн: 08:00-13:00, 14:00-20:00; Вт: 08:00-13:00, 14:00-20:00; Ср: 08:00-13:00, 14:00-20:00; Чт: 08:00-13:00, 14:00-20:00; Пт: 08:00-13:00, 14:00-20:00",+05:00,4.7,24,87760285124,,,,,,,,,,,,,,,43.226918,76.888752,https://2gis.com/firm/70000001032137546,branch
Seifullin Plaza,бизнес-центр,Бизнес-центры,"проспект Сейфуллина, 469/5",601 офис; 6 этаж,050004,,Алмалинский район,Алматы,,Алматы,Казахстан,Пн: 08:00-20:00; Вт: 08:00-20:00; Ср: 08:00-20:00; Чт: 08:00-20:00; Пт: 08:00-20:00,+05:00,4.9,29,87085901228,,,,,,https://instagram.com/seifullin.plaza,,,https://wa.me/77085901228,,,,,,43.267156,76.930766,https://2gis.com/firm/70000001100613097,branch
Sibel,бизнес-центр,Бизнес-центры; Аренда помещений,"улица Тлеуберды Сауранбаева, 7/1",3 этаж,050011,,Турксибский район,Алматы,,Алматы,Казахстан,Пн: 09:00-21:00; Вт: 09:00-21:00; Ср: 09:00-21:00; Чт: 09:00-21:00; Пт: 09:00-21:00; Сб: 09:00-21:00; Вс: 09:00-21:00,+05:00,4.9,26,87022222608,,,,,,,,,https://wa.me/77022222608,,,,,,43.336259,76.948467,https://2gis.com/firm/70000001029905443,branch
Sirius,бизнес-центр,Бизнес-центры,"улица Торекулова, 68",,050000,,Алмалинский район,Алматы,,Алматы,Казахстан,"Пн: 09:00-13:00, 14:00-18:00; Вт: 09:00-13:00, 14:00-18:00; Ср: 09:00-13:00, 14:00-18:00; Чт: 09:00-13:00, 14:00-18:00; Пт: 09:00-13:00, 14:00-18:00",+05:00,4.9,74,87272376896,87081648587,,,,,,,,,,,,,,43.264902,76.933504,https://2gis.com/firm/70000001023889564,branch
Sm business House,,Бизнес-центры,"улица Кожабекова, 19",,050060,,Бостандыкский район,Алматы,,Алматы,Казахстан,Пн: 08:00-22:00; Вт: 08:00-22:00; Ср: 08:00-22:00; Чт: 08:00-22:00; Пт: 08:00-22:00; Сб: 08:00-22:00; Вс: 08:00-22:00,+05:00,4.9,64,87079777786,,,,,,,,,,,,,,,43.200787,76.895797,https://2gis.com/firm/70000001094214566,branch
Success,бизнес-центр,Бизнес-центры,"Ораза Жандосова улица, 1/1",1 этаж,050008,,Бостандыкский район,Алматы,,Алматы,Казахстан,Пн: 09:00-18:00; Вт: 09:00-18:00; Ср: 09:00-18:00; Чт: 09:00-18:00; Пт: 09:00-18:00,+05:00,4.8,22,87272502355 (приемная),87273922101 (справочная),,,,,,,,,,,,,,43.237651,76.912861,https://2gis.com/firm/9429940001078770,branch
Sulu,бизнес-центр,Бизнес-центры,"проспект Турара Рыскулова, 48а",,050050,,Жетысуский район,Алматы,,Алматы,Казахстан,Пн: 09:00-17:00; Вт: 09:00-17:00; Ср: 09:00-17:00; Чт: 09:00-17:00; Пт: 09:00-17:00,+05:00,4.7,6,87273449013,87761111937,,,,,,,,,,,,,,43.291884,76.93355,https://2gis.com/firm/70000001110489500,branch
Triumph,бизнес-центр,Бизнес-центры,"проспект Достык, 192",,050051,,Медеуский район,Алматы,,Алматы,Казахстан,Пн: 09:00-18:00; Вт: 09:00-18:00; Ср: 09:00-18:00; Чт: 09:00-18:00; Пт: 09:00-18:00; Сб: 09:00-18:00; Вс: 09:00-18:00,+05:00,4.9,62,87273250325 (доп.204),87011410101,,,,,,,,,,,,,,43.231688,76.960048,https://2gis.com/firm/70000001028920428,branch
TS Com,бизнес-центр,Бизнес-центры,"улица Шевченко, 165Б",,050009,,Алмалинский район,Алматы,,Алматы,Казахстан,"Пн: 09:00-13:00, 14:00-18:00; Вт: 09:00-13:00, 14:00-18:00; Ср: 09:00-13:00, 14:00-18:00; Чт: 09:00-13:00, 14:00-18:00; Пт: 09:00-13:00, 14:00-18:00; Сб: 09:00-13:00",+05:00,4.9,147,87273236220,87273236219,87273236218,,,,,,,,,,,,,43.243108,76.892148,https://2gis.com/firm/9429940001532446,branch
Turar,бизнес-центр,Бизнес-центры,"проспект Сейфуллина, 502",404 офис; 4 этаж,050012,,Алмалинский район,Алматы,,Алматы,Казахстан,Пн: 00:00-24:00; Вт: 00:00-24:00; Ср: 00:00-24:00; Чт: 00:00-24:00; Пт: 00:00-24:00; Сб: 00:00-24:00; Вс: 00:00-24:00,+05:00,4.9,171,87273440202,,,,,,https://instagram.com/turarbc,https://facebook.com/turarbussiness,,,,,,,,43.250337,76.934173,https://2gis.com/firm/70000001034977873,branch
UTEU,бизнес-центр,Бизнес-центры; Аренда помещений,"проспект Райымбека, 160а",,050016,,Алмалинский район,Алматы,,Алматы,Казахстан,"Пн: 09:00-13:00, 14:00-18:00; Вт: 09:00-13:00, 14:00-18:00; Ср: 09:00-13:00, 14:00-18:00; Чт: 09:00-13:00, 14:00-18:00; Пт: 09:00-13:00, 14:00-18:00",+05:00,4.8,33,87774040044,,,,,,https://instagram.com/almaty.arenda.bc,,,https://wa.me/77774040044,,,,,,43.268854,76.925942,https://2gis.com/firm/70000001090340313,branch
Vanguard Prosperitas,бизнес-центр,Бизнес-центры,"улица Осипенко, 35а",208 офис; 2 этаж,050011,,Турксибский район,Алматы,,Алматы,Казахстан,Пн: 09:00-18:00; Вт: 09:00-18:00; Ср: 09:00-18:00; Чт: 09:00-18:00; Пт: 09:00-18:00,+05:00,4.9,67,87077888043 (администрация),,,,,,,,,,,,,,,43.343882,76.940393,https://2gis.com/firm/70000001034578614,branch
Vertex,бизнес-центр,Бизнес-центры,"улица Чайковского, 170",4 этаж,050000,,Алмалинский район,Алматы,,Алматы,Казахстан,Пн: 00:00-24:00; Вт: 00:00-24:00; Ср: 00:00-24:00; Чт: 00:00-24:00; Пт: 00:00-24:00; Сб: 00:00-24:00; Вс: 00:00-24:00,+05:00,4.7,14,87272581879,87272587902,87473566838,,,,,,,,,,,,,43.248644,76.938991,https://2gis.com/firm/70000001018805253,branch
Verum,бизнес-центр,Бизнес-центры,"улица Мынбаева, 151",140 офис; 10 этаж,050046,,Бостандыкский район,Алматы,,Алматы,Казахстан,"Пн: 09:00-13:00, 14:00-18:00; Вт: 09:00-13:00, 14:00-18:00; Ср: 09:00-13:00, 14:00-18:00; Чт: 09:00-13:00, 14:00-18:00; Пт: 09:00-13:00, 14:00-18:00",+05:00,4.9,122,87012185122 (администрация),,,,,,,,,https://wa.me/77012185122,,,,,,43.236004,76.881615,https://2gis.com/firm/70000001025758522,branch
ZAT,бизнес-центр,Бизнес-центры,"улица Брюсова, 4",2 этаж,050034,,Жетысуский район,Алматы,,Алматы,Казахстан,Пн: 09:00-20:00; Вт: 09:00-20:00; Ср: 09:00-20:00; Чт: 09:00-20:00; Пт: 09:00-20:00; Сб: 09:00-20:00,+05:00,4.9,38,87272247248,,,,,,,,,,,,,,,43.262046,76.891668,https://2gis.com/firm/70000001036828875,branch
Аltstadt,бизнес-центр,Бизнес-центры,"проспект Назарбаева, 120",11 офис; 3 этаж,050000,,Медеуский район,Алматы,,Алматы,Казахстан,Пн: 09:00-18:00; Вт: 09:00-18:00; Ср: 09:00-18:00; Чт: 09:00-18:00; Пт: 09:00-18:00; Сб: 09:00-18:00; Вс: 09:00-18:00,+05:00,4.9,52,87478086814,,,,,,https://instagram.com/altstadt.bc,,,https://wa.me/77478086814,,,,,,43.251967,76.947493,https://2gis.com/firm/70000001030606452,branch
Аблай,бизнес-центр,Бизнес-центры,"Жандарбекова улица, 238/91 к1",1 этаж,050057,,Бостандыкский район,Алматы,,Алматы,Казахстан,Пн: 00:00-24:00; Вт: 00:00-24:00; Ср: 00:00-24:00; Чт: 00:00-24:00; Пт: 00:00-24:00; Сб: 00:00-24:00; Вс: 00:00-24:00 (администрация: пн-вс 9:00-21:00),+05:00,4.9,144,87088660007,,,,,,,,,,,,,,,43.225765,76.9002,https://2gis.com/firm/70000001052631282,branch
Агентство барьер,бизнес-центр,Бизнес-центры; Аренда помещений,"улица Гоголя, 39",801 офис; 8 этаж,050002,,Медеуский район,Алматы,,Алматы,Казахстан,"Пн: 08:00-13:00, 14:00-17:00; Вт: 08:00-13:00, 14:00-17:00; Ср: 08:00-13:00, 14:00-17:00; Чт: 08:00-13:00, 14:00-17:00; Пт: 08:00-13:00, 14:00-17:00",+05:00,4.9,52,87779501869 (единый номер: пн-пт 9:00-18:00),87719935700 (единый номер: пн-пт 9:00-18:00),,,,,,,,,,,,,,43.261042,76.956734,https://2gis.com/firm/70000001039128965,branch
Азия Групп,​бизнес-центр,Бизнес-центры,"Братская улица, 84Б",,050061,,Алатауский район,Алматы,,Алматы,Казахстан,Пн: 08:00-20:00; Вт: 08:00-20:00; Ср: 08:00-20:00; Чт: 08:00-20:00; Пт: 08:00-20:00; Сб: 08:00-20:00; Вс: 08:00-20:00,+05:00,4.9,12,87028880475,,,,,,,,,https://wa.me/77028880475,,,,,,43.267448,76.874208,https://2gis.com/firm/70000001092770086,branch
Азия-Мост,бизнес-центр,Бизнес-центры,"улица Тимирязева, 42 к15",цокольный этаж,050057,,Бостандыкский район,Алматы,,Алматы,Казахстан,"Пн: 09:00-13:00, 14:00-18:00; Вт: 09:00-13:00, 14:00-18:00; Ср: 09:00-13:00, 14:00-18:00; Чт: 09:00-13:00, 14:00-18:00; Пт: 09:00-13:00, 14:00-18:00",+05:00,4.9,29,87016852881,87076125616 (отдел аренды),,,,,,,,https://wa.me/77076125616,,,,,,43.21767,76.905724,https://2gis.com/firm/9429940000837007,branch
Азия-С,бизнес-центр,Бизнес-центры,"микрорайон Сайран, 14",,050062,Сайран м-н,Ауэзовский район,Алматы,,Алматы,Казахстан,"Пн: 08:00-13:00, 14:00-22:00; Вт: 08:00-13:00, 14:00-22:00; Ср: 08:00-13:00, 14:00-22:00; Чт: 08:00-13:00, 14:00-22:00; Пт: 08:00-13:00, 14:00-22:00",+05:00,4.8,59,87272655870,,,,,,,,,,,,,,,43.23556,76.863814,https://2gis.com/firm/9429940000880815,branch
Алатау,бизнес-центр,Бизнес-центры,"проспект Абая, 151",204 офис; 2 этаж,050009,,Алмалинский район,Алматы,,Алматы,Казахстан,"Пн: 09:00-22:00; Вт: 09:00-22:00; Ср: 09:00-22:00; Чт: 09:00-22:00; Пт: 09:00-22:00; Сб: 09:00-22:00; Вс: 09:00-22:00 (администрация: пн-пт 9:00-18:00, перерыв: 13:00-14:00)",+05:00,4.9,266,87272505086,87272502232,87716146804,,,,,,,https://wa.me/77716146804,,,,,,43.239366,76.891689,https://2gis.com/firm/9429940000794289,branch
Алатау Гранд,бизнес-центр,Бизнес-центры; Аренда помещений,"улица Тимирязева, 28в",1 этаж,050040,,Бостандыкский район,Алматы,,Алматы,Казахстан,Пн: 09:00-18:00; Вт: 09:00-18:00; Ср: 09:00-18:00; Чт: 09:00-18:00; Пт: 09:00-18:00,+05:00,4.9,278,87272608040 (администрация),87272608560,87272608562,,,,,,,,,,,,,43.229684,76.932996,https://2gis.com/firm/9429940000791993,branch
Алинур,бизнес-центр,Бизнес-центры; Аренда помещений,"проспект Абылай хана, 235/1",1 этаж,040901,,,Каскелен,Карасайский район,Алматинская область,Казахстан,Пн: 08:00-22:00; Вт: 08:00-22:00; Ср: 08:00-22:00; Чт: 08:00-22:00; Пт: 08:00-22:00; Сб: 08:00-22:00; Вс: 08:00-22:00,+05:00,4.9,8,87076909979,,,,,,,,,https://wa.me/77076909979,,,,,,43.203256,76.617645,https://2gis.com/firm/70000001094743094,branch
Алматыгипрогор,бизнес-центр,Бизнес-центры,"проспект Абылай хана, 60",306 офис; 3 этаж,050004,,Алмалинский район,Алматы,,Алматы,Казахстан,Ср: 09:00-18:00; Чт: 09:00-18:00; Пт: 09:00-18:00; Сб: 09:00-18:00; Вс: 09:00-18:00,+05:00,4.9,42,87272733811,,,,,,,,,,,,,,,43.26326,76.940756,https://2gis.com/firm/70000001034937619,branch
Алтын Гасыр,бизнес-центр,Бизнес-центры,"улица Шевченко, 118",1 этаж,050022,,Алмалинский район,Алматы,,Алматы,Казахстан,Пн: 08:00-20:00; Вт: 08:00-20:00; Ср: 08:00-20:00; Чт: 08:00-20:00; Пт: 08:00-20:00; Сб: 08:00-20:00; Вс: 08:00-20:00 (администрация: пн-пт 8:00-18:00),+05:00,4.9,40,87272440440,,,,,,,,,,,,,,,43.244574,76.926413,https://2gis.com/firm/9429940001090185,branch
Алтын Заман,бизнес-центр,Бизнес-центры,"проспект Сейфуллина, 498",1 этаж,050012,,Алмалинский район,Алматы,,Алматы,Казахстан,Пн: 09:00-18:00; Вт: 09:00-18:00; Ср: 09:00-18:00; Чт: 09:00-18:00; Пт: 09:00-18:00,+05:00,4.9,429,87273150605,,,,,,,,,,,,,,,43.251586,76.933636,https://2gis.com/firm/9429940001536524,branch
Аманат,бизнес-центр,Бизнес-центры,"улица Толе би, 286/7",4 этаж,050005,,Алмалинский район,Алматы,,Алматы,Казахстан,Пн: 09:00-18:00; Вт: 09:00-18:00; Ср: 09:00-18:00; Чт: 09:00-18:00; Пт: 09:00-18:00 (администрация: перерыв пн-пт 13:00-14:00),+05:00,4.9,40,87023333724,,,,,,https://instagram.com/amanat_rent,,,,,,,,,43.247501,76.86825,https://2gis.com/firm/70000001066162976,branch
Аманат,бизнес-центр,Бизнес-центры,"улица Макатаева, 127Б",,050000,,Алмалинский район,Алматы,,Алматы,Казахстан,Пн: 00:00-24:00; Вт: 00:00-24:00; Ср: 00:00-24:00; Чт: 00:00-24:00; Пт: 00:00-24:00; Сб: 00:00-24:00; Вс: 00:00-24:00,+05:00,4.9,67,87272796397 (администрация),,,,,,,,,,,,,,,43.263259,76.930476,https://2gis.com/firm/70000001018207748,branch
Арбат,бизнес-центр,Бизнес-центры; Аренда помещений,"проспект Назарбаева, 48а",,050004,,Медеуский район,Алматы,,Алматы,Казахстан,Пн: 08:00-20:00; Вт: 08:00-20:00; Ср: 08:00-20:00; Чт: 08:00-20:00; Пт: 08:00-20:00; Сб: 08:00-20:00,+05:00,4.9,84,87079902675,,,,,,,,,https://wa.me/77079902675,,,,,,43.262399,76.946099,https://2gis.com/firm/70000001082849977,branch
Баум Парк,бизнес-центр,Бизнес-центры,"проспект Суюнбая, 211",,050056,,Турксибский район,Алматы,,Алматы,Казахстан,Пн: 08:00-21:00; Вт: 08:00-21:00; Ср: 08:00-21:00; Чт: 08:00-21:00; Пт: 08:00-21:00,+05:00,4.9,26,87272433719,87017164598,,,,,,,,https://wa.me/77017164598,,,,,,43.315016,76.957366,https://2gis.com/firm/70000001041073660,branch
Берекет,бизнес-центр,Бизнес-центры,"улица Ауэзова, 14а",4 этаж,050026,,Алмалинский район,Алматы,,Алматы,Казахстан,Пн: 08:00-18:00; Вт: 08:00-18:00; Ср: 08:00-18:00; Чт: 08:00-18:00; Пт: 08:00-18:00,+05:00,4.9,82,87273410335,87273410334,,,,,,,,,,,,,,43.253558,76.902607,https://2gis.com/firm/9429940000943163,branch
Бизнес-парк на Райымбека,,Бизнес-центры,"проспект Райымбека, 212/1",215 офис; 2 этаж,050034,,Алмалинский район,Алматы,,Алматы,Казахстан,Пн: 09:00-18:00; Вт: 09:00-18:00; Ср: 09:00-18:00; Чт: 09:00-18:00; Пт: 09:00-18:00,+05:00,4.1,78,87015310492,,,,,,,,,https://wa.me/77015310492,,,,,,43.260242,76.892232,https://2gis.com/firm/70000001080431299,branch
Бизнес-Сити,бизнес-центр,Бизнес-центры,"улица Жамбыла, 114","122, 124 офис; 1 этаж",050012,,Алмалинский район,Алматы,,Алматы,Казахстан,"Пн: 00:00-24:00; Вт: 00:00-24:00; Ср: 00:00-24:00; Чт: 00:00-24:00; Пт: 00:00-24:00; Сб: 00:00-24:00; Вс: 00:00-24:00 (администрация: пн-вс 9:00-18:00, перерыв: 13:00-14:00)",+05:00,4.9,161,87052738338,,,,,,,,,,,,,,,43.246111,76.926093,https://2gis.com/firm/9429940001090210,branch
Бизнес-центр,,Бизнес-центры,"улица Керуентау, 2/6",,050052,Мамыр м-н,Ауэзовский район,Алматы,,Алматы,Казахстан,Пн: 08:00-20:00; Вт: 08:00-20:00; Ср: 08:00-20:00; Чт: 08:00-20:00; Пт: 08:00-20:00; Сб: 08:00-20:00; Вс: 08:00-20:00,+05:00,4.8,7,87012555554 (администратор),,,,,,,,,,,,,,,43.199916,76.84038,https://2gis.com/firm/70000001103993765,branch
Бизнес-центр,,Бизнес-центры; Аренда помещений,"улица Макатаева, 127/3",,050000,,Алмалинский район,Алматы,,Алматы,Казахстан,"Пн: 09:00-13:00, 14:00-18:00; Вт: 09:00-13:00, 14:00-18:00; Ср: 09:00-13:00, 14:00-18:00; Чт: 09:00-13:00, 14:00-18:00; Пт: 09:00-13:00, 14:00-18:00",+05:00,4.9,58,87273131032,87778654557 (аренда помещений),,,,,,,,,,,,,,43.262908,76.924492,https://2gis.com/firm/70000001088979292,branch
Бизнес-центр,,Бизнес-центры; Аренда помещений,"микрорайон Аксай-4, 8Б",,050063,Аксай-4 м-н,Ауэзовский район,Алматы,,Алматы,Казахстан,Пн: 00:00-24:00; Вт: 00:00-24:00; Ср: 00:00-24:00; Чт: 00:00-24:00; Пт: 00:00-24:00; Сб: 00:00-24:00; Вс: 00:00-24:00,+05:00,4.8,11,87014580250 (администратор),,,,,,,,,https://wa.me/77014580250,,,,https://t.me/+77014580250,,43.232599,76.83912,https://2gis.com/firm/70000001064921418,branch
Бизнес-центр,,Бизнес-центры,"улица Чайкиной, 1/1",,050020,,Медеуский район,Алматы,,Алматы,Казахстан,Пн: 09:00-18:00; Вт: 09:00-18:00; Ср: 09:00-18:00; Чт: 09:00-18:00; Пт: 09:00-18:00,+05:00,5.0,44,87026044411,,,,,,,,,,,,,,,43.215801,76.966884,https://2gis.com/firm/70000001034256127,branch
Бизнес-центр,,Бизнес-центры,"1-й микрорайон, 61/1",1 этаж,050062,1-й м-н,Ауэзовский район,Алматы,,Алматы,Казахстан,Пн: 08:00-23:00; Вт: 08:00-23:00; Ср: 08:00-23:00; Чт: 08:00-23:00; Пт: 08:00-23:00; Сб: 08:00-23:00; Вс: 08:00-23:00 (администрация: пн-пт 9:00-18:00),+05:00,4.9,19,87272245050,87077555866,,,,,,,,https://wa.me/77077555866,,,,,,43.23264,76.852547,https://2gis.com/firm/70000001030467728,branch
Бруклин,бизнес-центр,Бизнес-центры,"микрорайон Астана, 1/12",313 офис; 3 этаж,050036,Астана м-н,Ауэзовский район,Алматы,,Алматы,Казахстан,Пн: 08:00-22:00; Вт: 08:00-22:00; Ср: 08:00-22:00; Чт: 08:00-22:00; Пт: 08:00-22:00; Сб: 08:00-22:00; Вс: 08:00-22:00,+05:00,4.9,18,87771999566,87785550893,,,,,,,,https://wa.me/77771999566,https://wa.me/77785550893,,,,,43.212402,76.856698,https://2gis.com/firm/70000001089125717,branch
Гранит Риэлти Инвестмент,бизнес-центр,Бизнес-центры,"Хусаинова улица, 281",1 этаж,050060,,Бостандыкский район,Алматы,,Алматы,Казахстан,"Пн: 09:00-13:00, 14:00-18:00; Вт: 09:00-13:00, 14:00-18:00; Ср: 09:00-13:00, 14:00-18:00; Чт: 09:00-13:00, 14:00-18:00; Пт: 09:00-13:00, 14:00-18:00",+05:00,4.9,18,87273022902,87273022667,,,,,,,,,,,,,,43.199284,76.891793,https://2gis.com/firm/9429940000794613,branch
Данаида,бизнес-центр,Бизнес-центры,"улица Монгольская, 44",101 офис; 1 этаж,050026,,Алмалинский район,Алматы,,Алматы,Казахстан,"Пн: 09:00-13:00, 14:00-18:00; Вт: 09:00-13:00, 14:00-18:00; Ср: 09:00-13:00, 14:00-18:00; Чт: 09:00-13:00, 14:00-18:00; Пт: 09:00-13:00, 14:00-18:00",+05:00,4.9,72,87477939621,,,,,,,,,,,,,,,43.263184,76.914668,https://2gis.com/firm/70000001028888545,branch
Дарай,бизнес-центр,Бизнес-центры,"улица Гоголя, 89а",,050004,,Алмалинский район,Алматы,,Алматы,Казахстан,"Пн: 09:00-13:00, 14:00-18:00; Вт: 09:00-13:00, 14:00-18:00; Ср: 09:00-13:00, 14:00-18:00; Чт: 09:00-13:00, 14:00-18:00; Пт: 09:00-13:00, 14:00-18:00",+05:00,4.9,24,87272735250,,,,,,,,,,,,,,,43.260624,76.941678,https://2gis.com/firm/9429940001109257,branch
Дария,бизнес-центр,Бизнес-центры,"улица Толе би, 216г",1 офис; 2 этаж,050009,,Алмалинский район,Алматы,,Алматы,Казахстан,Пн: 08:30-20:00; Вт: 08:30-20:00; Ср: 08:30-20:00; Чт: 08:30-20:00; Пт: 08:30-20:00; Сб: 08:30-20:00,+05:00,4.9,36,87077642061,87017537553,,,,,,,,https://wa.me/77077642061,,,,,,43.25033,76.887022,https://2gis.com/firm/9429940000937188,branch
Достык 282,бизнес-центр,Бизнес-центры,"проспект Достык, 282",1 этаж,050020,,Медеуский район,Алматы,,Алматы,Казахстан,"Пн: 09:00-13:00, 14:00-18:00; Вт: 09:00-13:00, 14:00-18:00; Ср: 09:00-13:00, 14:00-18:00; Чт: 09:00-13:00, 14:00-18:00; Пт: 09:00-13:00, 14:00-18:00",+05:00,4.9,15,87775525739,87273110831,,,,,,,,,,,,,,43.217922,76.964774,https://2gis.com/firm/70000001033472672,branch
Жел Тау,бизнес-центр,Бизнес-центры,"улица Егизбаева, 7в",7 этаж,050046,,Бостандыкский район,Алматы,,Алматы,Казахстан,Пн: 09:00-18:00; Вт: 09:00-18:00; Ср: 09:00-18:00; Чт: 09:00-18:00; Пт: 09:00-18:00,+05:00,4.8,23,87075017550,87079001254,,,,,,,,,,,,,,43.231824,76.885453,https://2gis.com/firm/70000001026517029,branch
Желтоксан,бизнес-центр,Бизнес-центры,"улица Желтоксан, 111а",,050000,,Алмалинский район,Алматы,,Алматы,Казахстан,Пн: 09:00-18:00; Вт: 09:00-18:00; Ср: 09:00-18:00; Чт: 09:00-18:00; Пт: 09:00-18:00,+05:00,4.9,43,87772885288,87764995010,87017995010,,,,,,,https://wa.me/77772885288,https://wa.me/77764995010,https://wa.me/77017995010,,,,43.255421,76.938696,https://2gis.com/firm/70000001082786244,branch
Жетысу,бизнес-центр,Бизнес-центры,"проспект Райымбека, 211",1 этаж,050016,,Жетысуский район,Алматы,,Алматы,Казахстан,Пн: 09:00-18:00; Вт: 09:00-18:00; Ср: 09:00-18:00; Чт: 09:00-18:00; Пт: 09:00-18:00; Сб: 09:00-13:00,+05:00,4.8,21,87272333265 (справочная),87058887305 (директор),,,,,,,,,,,,,,43.269684,76.923816,https://2gis.com/firm/70000001027839936,branch
Жетысу,бизнес-центр,Бизнес-центры,"улица Тулебаева, 38/61",3 этаж,050004,,Медеуский район,Алматы,,Алматы,Казахстан,"Пн: 09:00-13:00, 14:00-18:00; Вт: 09:00-13:00, 14:00-18:00; Ср: 09:00-13:00, 14:00-18:00; Чт: 09:00-13:00, 14:00-18:00; Пт: 09:00-13:00, 14:00-18:00",+05:00,4.9,140,87272736217,,,,,,,,,,,,,,,43.265051,76.948659,https://2gis.com/firm/9429940000854616,branch
Кадам Инвест,бизнес-центр,Бизнес-центры,"Богенбай батыра улица, 150",1 этаж,050012,,Алмалинский район,Алматы,,Алматы,Казахстан,Пн: 08:00-20:00; Вт: 08:00-20:00; Ср: 08:00-20:00; Чт: 08:00-20:00; Пт: 08:00-20:00; Сб: 10:00-18:00; Вс: 10:00-18:00,+05:00,4.9,149,87273150679,87273150678,87273150691,,,,,,,,,,,,,43.252177,76.934328,https://2gis.com/firm/9429940001663167,branch
Карасай,бизнес-центр,Бизнес-центры; Аренда помещений,"улица Карасай батыра, 152/1",9 этаж,050026,,Алмалинский район,Алматы,,Алматы,Казахстан,"Пн: 07:00-13:00, 14:00-24:00; Вт: 07:00-13:00, 14:00-24:00; Ср: 07:00-13:00, 14:00-24:00; Чт: 07:00-13:00, 14:00-24:00; Пт: 07:00-13:00, 14:00-24:00",+05:00,4.9,249,87273939362,,,,,,,,,https://wa.me/77776446499,,,,,,43.248048,76.905354,https://2gis.com/firm/70000001020954626,branch
Каусар,бизнес-центр,Бизнес-центры,"улица Толе би, 286/4",1 этаж,050005,,Алмалинский район,Алматы,,Алматы,Казахстан,"Пн: 09:00-13:00, 14:00-18:00; Вт: 09:00-13:00, 14:00-18:00; Ср: 09:00-13:00, 14:00-18:00; Чт: 09:00-13:00, 14:00-18:00; Пт: 09:00-13:00, 14:00-18:00",+05:00,4.9,247,87473551111,,,,,,,,,https://wa.me/77473551111,,,,,,43.247799,76.868644,https://2gis.com/firm/70000001020956440,branch
Каусар,бизнес-центр,Бизнес-центры,"улица Толе би, 286/2",,050005,,Алмалинский район,Алматы,,Алматы,Казахстан,"Пн: 09:00-13:00, 14:00-18:00; Вт: 09:00-13:00, 14:00-18:00; Ср: 09:00-13:00, 14:00-18:00; Чт: 09:00-13:00, 14:00-18:00; Пт: 09:00-13:00, 14:00-18:00",+05:00,4.9,193,87473551111,,,,,,,,,https://wa.me/77473551111,,,,,,43.247791,76.869436,https://2gis.com/firm/9429940001695974,branch
Квартал,бизнес-центр,Бизнес-центры,"проспект Жибек Жолы, 50 блок В",,050002,,Медеуский район,Алматы,,Алматы,Казахстан,Пн: 08:00-23:00; Вт: 08:00-23:00; Ср: 08:00-23:00; Чт: 08:00-23:00; Пт: 08:00-23:00; Сб: 08:00-23:00; Вс: 08:00-23:00,+05:00,4.9,155,87750863131,,,,,,https://instagram.com/__bc.kvartal__,https://facebook.com/kvartalkz,https://vk.com/kvartalkz,,,,viber://chat/?number=77750863131,,,43.26219,76.954617,https://2gis.com/firm/70000001018919094,branch
Коктем-2,бизнес-центр,Бизнес-центры,"проспект Достык, 176",1 этаж,050051,,Медеуский район,Алматы,,Алматы,Казахстан,Пн: 09:00-19:00; Вт: 09:00-19:00; Ср: 09:00-19:00; Чт: 09:00-19:00; Пт: 09:00-19:00; Сб: 09:00-13:00,+05:00,4.7,19,87272207357,,,,,,,,,,,,,,,43.232297,76.960187,https://2gis.com/firm/70000001023305602,branch
Мирас,​бизнес-центр,Бизнес-центры; Аренда помещений,"проспект Сейфуллина, 9а",,050000,,Турксибский район,Алматы,,Алматы,Казахстан,"Пн: 09:00-13:00, 14:00-18:00; Вт: 09:00-13:00, 14:00-18:00; Ср: 09:00-13:00, 14:00-18:00; Чт: 09:00-13:00, 14:00-18:00; Пт: 09:00-13:00, 14:00-18:00",+05:00,4.9,55,87022222608,,,,,,,,,https://wa.me/77022222608,,,,,,43.33743,76.94694,https://2gis.com/firm/70000001075277787,branch
Мырза,бизнес-центр,Бизнес-центры,"улица Ратушного, 78а/1",,050014,,Жетысуский район,Алматы,,Алматы,Казахстан,Пн: 08:00-20:00; Вт: 08:00-20:00; Ср: 08:00-20:00; Чт: 08:00-20:00; Пт: 08:00-20:00; Сб: 08:00-20:00; Вс: 08:00-20:00,+05:00,4.9,15,87777555511,,,,,,https://instagram.com/nedvizhka_kz,,,https://wa.me/77777555511,,,,,,43.290232,76.914179,https://2gis.com/firm/70000001085272295,branch
На Татарке,бизнес-центр,Бизнес-центры,"улица Казанская, 33",1 этаж,050007,,Медеуский район,Алматы,,Алматы,Казахстан,Пн: 09:00-18:00; Вт: 09:00-18:00; Ср: 09:00-18:00; Чт: 09:00-18:00; Пт: 09:00-18:00,+05:00,4.8,19,87075233659,,,,,,,,,,,,,,,43.274536,76.977359,https://2gis.com/firm/70000001046806695,branch
Навои,бизнес-центр,Бизнес-центры,"Ораза Жандосова улица, 98",213 офис; 2 этаж,050042,,Ауэзовский район,Алматы,,Алматы,Казахстан,Пн: 08:00-22:00; Вт: 08:00-22:00; Ср: 08:00-22:00; Чт: 08:00-22:00; Пт: 08:00-22:00; Сб: 08:00-22:00; Вс: 08:00-22:00 (администрация: пн-пт 9:00-19:00),+05:00,4.9,172,87770124113 (администрация),,,,,,,,,https://wa.me/77770124113,,,,,,43.219249,76.879809,https://2gis.com/firm/9429940001197196,branch
НефтеГаз-Дем,бизнес центр,Бизнес-центры,"Кабдолова улица, 16",,050062,,Ауэзовский район,Алматы,,Алматы,Казахстан,"Пн: 09:00-13:00, 14:00-18:00; Вт: 09:00-13:00, 14:00-18:00; Ср: 09:00-13:00, 14:00-18:00; Чт: 09:00-13:00, 14:00-18:00; Пт: 09:00-13:00, 14:00-18:00",+05:00,4.7,25,87272767869,,,,,,,,,,,,,,,43.236173,76.851138,https://2gis.com/firm/70000001095655476,branch
Нурлы Туран,бизнес-центр,Бизнес-центры,"проспект Турара Рыскулова, 140/4",409 офис; 4 этаж,050061,,Алатауский район,Алматы,,Алматы,Казахстан,Пн: 00:00-24:00; Вт: 00:00-24:00; Ср: 00:00-24:00; Чт: 00:00-24:00; Пт: 00:00-24:00; Сб: 00:00-24:00; Вс: 00:00-24:00,+05:00,4.9,53,87088588685,87009787616,,,,,,,,https://wa.me/77088588685,,,,,,43.267662,76.874801,https://2gis.com/firm/70000001020210077,branch
Ордабасы,бизнес-центр,Бизнес-центры; Аренда помещений,"Богенбай батыра улица, 241",,050026,,Алмалинский район,Алматы,,Алматы,Казахстан,Пн: 09:00-21:00; Вт: 09:00-21:00; Ср: 09:00-21:00; Чт: 09:00-21:00; Пт: 09:00-21:00,+05:00,4.8,20,87272501030 (отдел аренды),87272503555,87477056639,,,,,,,,,,,,,43.25067,76.906171,https://2gis.com/firm/9429940000787710,branch
Отан Холдинг,бизнес-центр,Бизнес-центры,"улица Нурпеисова, 269",,050000,Калкаман-2 м-н,Наурызбайский район,Алматы,,Алматы,Казахстан,Пн: 09:30-18:30; Вт: 09:30-18:30; Ср: 09:30-18:30; Чт: 09:30-18:30; Пт: 09:30-18:30; Сб: 09:30-18:30,+05:00,4.9,44,87021872263,87478118473,,,,,,,,https://wa.me/77021872263,https://wa.me/77478118473,,,,,43.205583,76.826259,https://2gis.com/firm/70000001057268473,branch
Сарканд,бизнес-центр,Бизнес-центры,"проспект Назарбаева, 248",1 этаж,050059,,Медеуский район,Алматы,,Алматы,Казахстан,"Пн: 09:00-13:00, 14:00-18:00; Вт: 09:00-13:00, 14:00-18:00; Ср: 09:00-13:00, 14:00-18:00; Чт: 09:00-13:00, 14:00-18:00; Пт: 09:00-13:00, 14:00-18:00",+05:00,4.9,43,87273137705,,,,,,,,,,,,,,,43.224112,76.953576,https://2gis.com/firm/70000001017441000,branch
Сары-Арка,бизнес-центр,Бизнес-центры,"проспект Сейфуллина, 531",307 офис; 3 этаж,050000,,Алмалинский район,Алматы,,Алматы,Казахстан,"Пн: 09:00-13:00, 14:00-18:00; Вт: 09:00-13:00, 14:00-18:00; Ср: 09:00-13:00, 14:00-18:00; Чт: 09:00-13:00, 14:00-18:00; Пт: 09:00-13:00, 14:00-18:00",+05:00,4.9,72,87272610106,87272610217,,,,,,,,,,,,,,43.256238,76.932107,https://2gis.com/firm/9429940000906641,branch
Сонар,бизнес-центр,Бизнес-центры,"улица Толе би, 202а",5 этаж,050009,,Алмалинский район,Алматы,,Алматы,Казахстан,"Пн: 09:00-20:00; Вт: 09:00-20:00; Ср: 09:00-20:00; Чт: 09:00-20:00; Пт: 09:00-20:00; Сб: 09:00-20:00; Вс: 09:00-20:00 (администрация: пн-пт 9:00-18:00, перерыв 13:00-14:00)",+05:00,4.9,22,87273791068,87272504662,,,,,,,,,,,,,,43.250734,76.891773,https://2gis.com/firm/70000001025924339,branch
Стандарт,бизнес-центр,Бизнес-центры,"1-й микрорайон, 73Б",1 этаж,050062,1-й м-н,Ауэзовский район,Алматы,,Алматы,Казахстан,Пн: 09:00-20:00; Вт: 09:00-20:00; Ср: 09:00-20:00; Чт: 09:00-20:00; Пт: 09:00-20:00; Сб: 09:00-20:00; Вс: 09:00-20:00,+05:00,4.9,132,87273561515,,,,,,,,,,,,,,,43.232181,76.84319,https://2gis.com/firm/9429940001128522,branch
Стройсистема,бизнес-центр,Бизнес-центры,"улица Ауэзова, 82",508 офис; 5 этаж,050008,,Бостандыкский район,Алматы,,Алматы,Казахстан,"Пн: 09:00-13:00, 14:00-18:00; Вт: 09:00-13:00, 14:00-18:00; Ср: 09:00-13:00, 14:00-18:00; Чт: 09:00-13:00, 14:00-18:00; Пт: 09:00-13:00, 14:00-18:00",+05:00,4.9,56,87273757222,87273758863,,,,,,,,,,,,,,43.238312,76.904671,https://2gis.com/firm/9429940000800780,branch
Толе би,бизнес-центр,Бизнес-центры; Аренда помещений,"улица Толе би, 101",2 этаж,050012,,Алмалинский район,Алматы,,Алматы,Казахстан,"Пн: 09:00-13:00, 14:00-18:00; Вт: 09:00-13:00, 14:00-18:00; Ср: 09:00-13:00, 14:00-18:00; Чт: 09:00-13:00, 14:00-18:00; Пт: 09:00-13:00, 14:00-18:00",+05:00,4.9,159,87473551111,,,,,,,,,https://wa.me/77473551111,,,,,,43.253963,76.925164,https://2gis.com/firm/9429940000794709,branch
Төре,бизнес-центр,Бизнес-центры; Аренда помещений,"микрорайон Жетысу-3, 24",1 офис; 2 этаж,050063,Жетысу-3 м-н,Ауэзовский район,Алматы,,Алматы,Казахстан,"Пн: 10:00-13:00, 14:00-19:00; Вт: 10:00-13:00, 14:00-19:00; Ср: 10:00-13:00, 14:00-19:00; Чт: 10:00-13:00, 14:00-19:00; Пт: 10:00-13:00, 14:00-19:00",+05:00,4.9,106,87072621822,,,,,,,,,https://wa.me/77072621822,,,,,,43.218674,76.844996,https://2gis.com/firm/70000001069085578,branch
Форум-Достык,бизнес-центр,Бизнес-центры,"проспект Достык, 202",1 этаж,050051,,Медеуский район,Алматы,,Алматы,Казахстан,"Пн: 09:00-13:00, 14:00-18:00; Вт: 09:00-13:00, 14:00-18:00; Ср: 09:00-13:00, 14:00-18:00; Чт: 09:00-13:00, 14:00-18:00; Пт: 09:00-13:00, 14:00-18:00",+05:00,4.9,38,87273257775,87010981529,,,,,,,,,,,,,,43.230803,76.96044,https://2gis.com/firm/70000001036613259,branch
Шипа,бизнес-центр,Бизнес-центры,"улица Емцова, 26",5 офис; 2 этаж,050061,,Алатауский район,Алматы,,Алматы,Казахстан,"Пн: 09:00-13:00, 14:00-18:00; Вт: 09:00-13:00, 14:00-18:00; Ср: 09:00-13:00, 14:00-18:00; Чт: 09:00-13:00, 14:00-18:00; Пт: 09:00-13:00, 14:00-18:00; Сб: 09:00-13:00, 14:00-16:00",+05:00,4.9,18,87021114832,87273829041,,,,,,,,,,,,,,43.262029,76.857975,https://2gis.com/firm/9429940000802319,branch
